submitted_at,ticker,side,quantity,limit_price,notional,dry_run,order_status,order_id,error,risk_ok,risk_reason,transaction_cost_bps,slippage_bps,estimated_transaction_cost,estimated_slippage_cost,estimated_total_cost
2026-05-13T18:19:06.934977+00:00,AAL,BUY,193,12.7,2451.1,False,Filled,967,,True,,1.0,2.0,0.24511,0.49022,0.73533
2026-05-13T18:19:06.934977+00:00,AAON,BUY,21,133.69,2807.49,False,Submitted,970,,True,,1.0,2.0,0.28074899999999997,0.5614979999999999,0.842247
2026-05-13T18:19:06.934977+00:00,ABNB,BUY,151,135.51,20462.01,False,Filled,973,,True,,1.0,2.0,2.046201,4.092402,6.138603
2026-05-13T18:19:06.934977+00:00,ABSI,BUY,88,5.36,471.68,False,Submitted,976,,True,,1.0,2.0,0.047168,0.094336,0.14150400000000002
2026-05-13T18:19:06.934977+00:00,ABVE,SELL,5444,0.5377,2927.2388,False,Submitted,979,,True,,1.0,2.0,0.29272388,0.58544776,0.8781716399999999
2026-05-13T18:19:06.934977+00:00,ACIC,SELL,44,10.58,465.52,False,Submitted,982,,True,,1.0,2.0,0.046551999999999996,0.09310399999999999,0.139656
2026-05-13T18:19:06.934977+00:00,ACLS,BUY,18,161.68,2910.24,False,Submitted,985,,True,,1.0,2.0,0.291024,0.582048,0.8730720000000001
2026-05-13T18:19:06.934977+00:00,ACRS,BUY,97,4.89,474.33,False,Submitted,988,,True,,1.0,2.0,0.047432999999999996,0.09486599999999999,0.14229899999999998
2026-05-13T18:19:06.934977+00:00,ADAM,SELL,53,8.86,469.58,False,Filled,991,,True,,1.0,2.0,0.046958,0.093916,0.140874
2026-05-13T18:19:06.934977+00:00,ADAMO,SELL,97,25.27,2451.19,False,Submitted,994,,True,,1.0,2.0,0.245119,0.490238,0.735357
2026-05-13T18:19:06.934977+00:00,ADEA,SELL,78,31.17,2431.26,False,Filled,997,,True,,1.0,2.0,0.243126,0.486252,0.7293780000000001
2026-05-13T18:19:06.934977+00:00,ADTX,SELL,20921,0.085,1778.285,False,Submitted,1000,,True,,1.0,2.0,0.1778285,0.355657,0.5334855000000001
2026-05-13T18:19:06.934977+00:00,ADV,BUY,70,34.94,2445.8,False,Filled,1003,,True,,1.0,2.0,0.24458000000000002,0.48916000000000004,0.7337400000000001
2026-05-13T18:19:06.934977+00:00,AEHL,SELL,1387,2.1,2912.7000000000003,False,PreSubmitted,1006,,True,,1.0,2.0,0.29127000000000003,0.5825400000000001,0.8738100000000001
2026-05-13T18:19:06.934977+00:00,AEHR,BUY,30,96.74,2902.2,False,Submitted,1009,,True,,1.0,2.0,0.29022,0.58044,0.87066
2026-05-13T18:19:06.934977+00:00,AEI,SELL,852,1.89,1610.28,False,Submitted,1012,,True,,1.0,2.0,0.161028,0.322056,0.483084
2026-05-13T18:19:06.934977+00:00,AEVA,SELL,153,19.08,2919.24,False,Cancelled,1015,,True,,1.0,2.0,0.29192399999999996,0.5838479999999999,0.8757719999999999
2026-05-13T18:19:06.934977+00:00,AFBI,SELL,93,22.45,2087.85,False,Filled,1018,,True,,1.0,2.0,0.208785,0.41757,0.626355
2026-05-13T18:19:06.934977+00:00,AGEN,SELL,138,3.43,473.34,False,Filled,1021,,True,,1.0,2.0,0.047333999999999994,0.09466799999999999,0.142002
2026-05-13T18:19:06.934977+00:00,AGH,BUY,700,4.19,2933.0000000000005,False,Filled,1024,,True,,1.0,2.0,0.29330000000000006,0.5866000000000001,0.8799000000000001
2026-05-13T18:19:06.934977+00:00,AGPU,BUY,71,6.67,473.57,False,Filled,1027,,True,,1.0,2.0,0.047356999999999996,0.09471399999999999,0.142071
2026-05-13T18:19:06.934977+00:00,AIIO,SELL,1915,1.27,2432.05,False,PreSubmitted,1030,,True,,1.0,2.0,0.243205,0.48641,0.729615
2026-05-13T18:19:06.934977+00:00,AIOT,BUY,756,3.25,2457.0,False,Filled,1033,,True,,1.0,2.0,0.2457,0.4914,0.7371
2026-05-13T18:19:06.934977+00:00,AIRO,BUY,60,7.84,470.4,False,Filled,1036,,True,,1.0,2.0,0.04704,0.09408,0.14112
2026-05-13T18:19:06.934977+00:00,AIRS,BUY,5412,4.17,22568.04,False,Submitted,1039,,True,,1.0,2.0,2.2568040000000003,4.5136080000000005,6.770412
2026-05-13T18:19:06.934977+00:00,AISP,BUY,202,2.36,476.72,False,Submitted,1042,,True,,1.0,2.0,0.047672000000000006,0.09534400000000001,0.14301600000000003
2026-05-13T18:19:06.934977+00:00,AKAM,BUY,3,149.59,448.77,False,Submitted,1045,,True,,1.0,2.0,0.044877,0.089754,0.134631
2026-05-13T18:19:06.934977+00:00,AKAN,SELL,114,25.48,2904.7200000000003,False,Submitted,1048,,True,,1.0,2.0,0.290472,0.580944,0.871416
2026-05-13T18:19:06.934977+00:00,AKBA,SELL,2481,1.17,2902.77,False,Filled,1051,,True,,1.0,2.0,0.290277,0.580554,0.870831
2026-05-13T18:19:06.934977+00:00,AKTS,SELL,24,19.72,473.28,False,Submitted,1054,,True,,1.0,2.0,0.047327999999999995,0.09465599999999999,0.141984
2026-05-13T18:19:06.934977+00:00,ALAB,BUY,11,204.47,2249.17,False,Submitted,1057,,True,,1.0,2.0,0.224917,0.449834,0.674751
2026-05-13T18:19:06.934977+00:00,ALDX,SELL,278,1.7,472.6,False,Submitted,1060,,True,,1.0,2.0,0.04726,0.09452,0.14178000000000002
2026-05-13T18:19:06.934977+00:00,ALGM,BUY,376,45.88,17250.88,False,Submitted,1063,,True,,1.0,2.0,1.7250880000000002,3.4501760000000004,5.175264
2026-05-13T18:19:06.934977+00:00,ALGT,BUY,31,77.51,2402.81,False,Filled,1066,,True,,1.0,2.0,0.240281,0.480562,0.720843
2026-05-13T18:19:06.934977+00:00,ALHC,SELL,25,18.37,459.25,False,Submitted,1069,,True,,1.0,2.0,0.045925,0.09185,0.137775
2026-05-13T18:19:06.934977+00:00,ALKS,SELL,12,38.28,459.36,False,Filled,1072,,True,,1.0,2.0,0.045936000000000005,0.09187200000000001,0.137808
2026-05-13T18:19:06.934977+00:00,ALP,SELL,1731,0.2748,475.6788,False,Submitted,1075,,True,,1.0,2.0,0.04756788,0.09513576,0.14270364
2026-05-13T18:19:06.934977+00:00,AMBA,BUY,6,78.21,469.26,False,Submitted,1078,,True,,1.0,2.0,0.046926,0.093852,0.14077800000000001
2026-05-13T18:19:06.934977+00:00,AMD,BUY,6,448.38,2690.28,False,Submitted,1081,,True,,1.0,2.0,0.26902800000000004,0.5380560000000001,0.8070840000000001
2026-05-13T18:19:06.934977+00:00,AMKR,BUY,39,73.47,2865.33,False,Submitted,1084,,True,,1.0,2.0,0.286533,0.573066,0.859599
2026-05-13T18:19:06.934977+00:00,AMPG,SELL,911,2.68,2441.48,False,Submitted,1087,,True,,1.0,2.0,0.244148,0.488296,0.732444
2026-05-13T18:19:06.934977+00:00,AMRX,BUY,232,12.61,2925.52,False,Filled,1090,,True,,1.0,2.0,0.292552,0.585104,0.877656
2026-05-13T18:19:06.934977+00:00,AMSC,BUY,8,54.53,436.24,False,Submitted,1093,,True,,1.0,2.0,0.043624,0.087248,0.13087200000000002
2026-05-13T18:19:06.934977+00:00,ANAB,BUY,37,65.6,2427.2,False,Cancelled,1096,,True,,1.0,2.0,0.24272,0.48544,0.7281599999999999
2026-05-13T18:19:06.934977+00:00,ANGI,SELL,91,5.17,470.47,False,Submitted,1099,,True,,1.0,2.0,0.047047000000000005,0.09409400000000001,0.14114100000000002
2026-05-13T18:19:06.934977+00:00,ANNA,SELL,802,3.64,2919.28,False,Filled,1102,,True,,1.0,2.0,0.291928,0.583856,0.8757840000000001
2026-05-13T18:19:06.934977+00:00,APC,SELL,22,21.54,473.88,False,Submitted,1105,,True,,1.0,2.0,0.047388,0.094776,0.142164
2026-05-13T18:19:06.934977+00:00,APLD,BUY,66,43.94,2900.04,False,Submitted,1108,,True,,1.0,2.0,0.290004,0.580008,0.870012
2026-05-13T18:19:06.934977+00:00,APLS,SELL,71,41.05,2914.55,False,Submitted,1111,,True,,1.0,2.0,0.291455,0.58291,0.8743650000000001
2026-05-13T18:19:06.934977+00:00,APPF,BUY,15,155.42,2331.3,False,Filled,1114,,True,,1.0,2.0,0.23313000000000003,0.46626000000000006,0.6993900000000001
2026-05-13T18:19:06.934977+00:00,APPS,BUY,633,3.88,2456.04,False,Submitted,1117,,True,,1.0,2.0,0.245604,0.491208,0.736812
2026-05-13T18:19:06.934977+00:00,ARAI,SELL,3553,0.6899,2451.2147,False,Submitted,1120,,True,,1.0,2.0,0.24512147,0.49024294,0.7353644100000001
2026-05-13T18:19:06.934977+00:00,ARCB,BUY,21,112.95,2371.9500000000003,False,Filled,1123,,True,,1.0,2.0,0.23719500000000002,0.47439000000000003,0.711585
2026-05-13T18:19:06.934977+00:00,AREB,SELL,3713,0.1282,476.0066000000001,False,PreSubmitted,1126,,True,,1.0,2.0,0.04760066000000001,0.09520132000000002,0.14280198000000002
2026-05-13T18:19:06.934977+00:00,AREC,SELL,1017,2.4,2440.8,False,Submitted,1129,,True,,1.0,2.0,0.24408000000000002,0.48816000000000004,0.73224
2026-05-13T18:19:06.934977+00:00,ARHS,BUY,415,5.91,2452.65,False,Filled,1132,,True,,1.0,2.0,0.245265,0.49053,0.735795
2026-05-13T18:19:06.934977+00:00,ARRY,BUY,58,8.18,474.44,False,Submitted,1135,,True,,1.0,2.0,0.047444,0.094888,0.14233200000000001
2026-05-13T18:19:06.934977+00:00,ARWR,BUY,6,79.06,474.36,False,Filled,1138,,True,,1.0,2.0,0.047436,0.094872,0.142308
2026-05-13T18:19:06.934977+00:00,ASBP,SELL,474,5.16,2445.84,False,Submitted,1141,,True,,1.0,2.0,0.24458400000000002,0.48916800000000005,0.7337520000000001
2026-05-13T18:19:06.934977+00:00,ASO,BUY,47,51.14,2403.58,False,Filled,1144,,True,,1.0,2.0,0.240358,0.480716,0.721074
2026-05-13T18:19:06.934977+00:00,ASRT,SELL,129,22.54,2907.66,False,Filled,1147,,True,,1.0,2.0,0.29076599999999997,0.5815319999999999,0.8722979999999999
2026-05-13T18:19:06.934977+00:00,ASST,SELL,143,17.06,2439.58,False,Filled,1150,,True,,1.0,2.0,0.24395799999999998,0.48791599999999996,0.7318739999999999
2026-05-13T18:19:06.934977+00:00,ASTI,SELL,629,4.64,2918.56,False,Filled,1153,,True,,1.0,2.0,0.291856,0.583712,0.875568
2026-05-13T18:19:06.934977+00:00,ASYS,BUY,139,20.97,2914.83,False,Submitted,1156,,True,,1.0,2.0,0.291483,0.582966,0.874449
2026-05-13T18:19:06.934977+00:00,ATAI,BUY,590,4.16,2454.4,False,Submitted,1159,,True,,1.0,2.0,0.24544000000000002,0.49088000000000004,0.7363200000000001
2026-05-13T18:19:06.934977+00:00,ATEC,SELL,61,7.73,471.53,False,Submitted,1162,,True,,1.0,2.0,0.047153,0.094306,0.141459
2026-05-13T18:19:06.934977+00:00,ATEX,BUY,53,54.27,2876.31,False,Submitted,1165,,True,,1.0,2.0,0.28763099999999997,0.5752619999999999,0.8628929999999999
2026-05-13T18:19:06.934977+00:00,ATII,SELL,227,10.75,2440.25,False,Filled,1168,,True,,1.0,2.0,0.244025,0.48805,0.732075
2026-05-13T18:19:06.934977+00:00,ATOM,SELL,350,8.34,2919.0,False,Cancelled,1171,,True,,1.0,2.0,0.2919,0.5838,0.8756999999999999
2026-05-13T18:19:06.934977+00:00,ATYR,SELL,897,0.5301,475.4997,False,Submitted,1174,,True,,1.0,2.0,0.047549970000000004,0.09509994000000001,0.14264991000000002
2026-05-13T18:19:06.934977+00:00,AUUD,SELL,363,1.3,471.9,False,Filled,1177,,True,,1.0,2.0,0.047189999999999996,0.09437999999999999,0.14156999999999997
2026-05-13T18:19:06.934977+00:00,AVNW,SELL,160,15.3,2448.0,False,Submitted,1180,,True,,1.0,2.0,0.2448,0.4896,0.7343999999999999
2026-05-13T18:19:06.934977+00:00,AVR,SELL,437,6.69,2923.53,False,Submitted,1183,,True,,1.0,2.0,0.29235300000000003,0.5847060000000001,0.877059
2026-05-13T18:19:06.934977+00:00,AVTX,BUY,122,19.95,2433.9,False,Filled,1186,,True,,1.0,2.0,0.24339,0.48678,0.73017
2026-05-13T18:19:06.934977+00:00,AXGN,BUY,59,40.94,2415.46,False,Filled,1189,,True,,1.0,2.0,0.241546,0.483092,0.724638
2026-05-13T18:19:06.934977+00:00,AXTI,BUY,3,122.93,368.79,False,Submitted,1192,,True,,1.0,2.0,0.036879,0.073758,0.11063700000000001
2026-05-13T18:19:06.934977+00:00,BDCI,SELL,244,10.02,2444.88,False,PreSubmitted,1195,,True,,1.0,2.0,0.244488,0.488976,0.733464
2026-05-13T18:19:06.934977+00:00,BDTX,BUY,168,2.84,477.12,False,Submitted,1198,,True,,1.0,2.0,0.047712,0.095424,0.14313599999999999
2026-05-13T18:19:06.934977+00:00,BEAM,BUY,92,31.59,2906.28,False,Submitted,1201,,True,,1.0,2.0,0.290628,0.581256,0.871884
2026-05-13T18:19:06.934977+00:00,BELFA,BUY,9,269.27,2423.43,False,Cancelled,1204,,True,,1.0,2.0,0.24234299999999998,0.48468599999999995,0.7270289999999999
2026-05-13T18:19:06.934977+00:00,BELFB,BUY,8,298.28,2386.24,False,Cancelled,1207,,True,,1.0,2.0,0.23862399999999998,0.47724799999999995,0.715872
2026-05-13T18:19:06.934977+00:00,BHAV,SELL,248,9.87,2447.76,False,Filled,1210,,True,,1.0,2.0,0.24477600000000002,0.48955200000000004,0.7343280000000001
2026-05-13T18:19:06.934977+00:00,BIOA,BUY,160,18.2,2912.0,False,Submitted,1213,,True,,1.0,2.0,0.2912,0.5824,0.8736
2026-05-13T18:19:06.934977+00:00,BIRD,SELL,569,5.13,2918.97,False,Submitted,1216,,True,,1.0,2.0,0.29189699999999996,0.5837939999999999,0.8756909999999999
2026-05-13T18:19:06.934977+00:00,BJRI,BUY,59,41.43,2444.37,False,Filled,1219,,True,,1.0,2.0,0.244437,0.488874,0.7333109999999999
2026-05-13T18:19:06.934977+00:00,BKNG,BUY,15,160.6,2409.0,False,Filled,1222,,True,,1.0,2.0,0.2409,0.4818,0.7227
2026-05-13T18:19:06.934977+00:00,BKYI,SELL,137,3.45,472.65,False,Cancelled,1225,,True,,1.0,2.0,0.047264999999999995,0.09452999999999999,0.14179499999999998
2026-05-13T18:19:06.934977+00:00,BLBD,BUY,6,69.35,416.1,False,Submitted,1228,,True,,1.0,2.0,0.04161,0.08322,0.12483
2026-05-13T18:19:06.934977+00:00,BLMN,BUY,351,8.33,2923.83,False,Submitted,1231,,True,,1.0,2.0,0.292383,0.584766,0.877149
2026-05-13T18:19:06.934977+00:00,BLNK,SELL,2195,0.8999,1975.2805,False,Filled,1234,,True,,1.0,2.0,0.19752805,0.3950561,0.59258415
2026-05-13T18:19:06.934977+00:00,BLZE,BUY,348,7.04,2449.92,False,Submitted,1237,,True,,1.0,2.0,0.24499200000000002,0.48998400000000003,0.7349760000000001
2026-05-13T18:19:06.934977+00:00,BNZI,SELL,509,4.8,2443.2,False,Submitted,1240,,True,,1.0,2.0,0.24431999999999998,0.48863999999999996,0.73296
2026-05-13T18:19:06.934977+00:00,BRCB,BUY,223,10.98,2448.54,False,Cancelled,1243,,True,,1.0,2.0,0.244854,0.489708,0.7345619999999999
2026-05-13T18:19:06.934977+00:00,BTBT,SELL,1251,1.95,2439.45,False,Submitted,1246,,True,,1.0,2.0,0.243945,0.48789,0.731835
2026-05-13T18:19:06.934977+00:00,BYND,BUY,3085,0.795,2452.5750000000003,False,Filled,1249,,True,,1.0,2.0,0.24525750000000002,0.49051500000000003,0.7357725
2026-05-13T18:19:06.934977+00:00,BZAI,SELL,1796,1.62,2909.52,False,Submitted,1252,,True,,1.0,2.0,0.290952,0.581904,0.872856
2026-05-13T18:19:06.934977+00:00,CABA,SELL,806,3.62,2917.7200000000003,False,Submitted,1255,,True,,1.0,2.0,0.29177200000000003,0.5835440000000001,0.8753160000000001
2026-05-13T18:19:06.934977+00:00,CAEP,SELL,39,12.1,471.9,False,Submitted,1258,,True,,1.0,2.0,0.047189999999999996,0.09437999999999999,0.14156999999999997
2026-05-13T18:19:06.934977+00:00,CAR,SELL,19,150.5,2859.5,False,Cancelled,1261,,True,,1.0,2.0,0.28595,0.5719,0.85785
2026-05-13T18:19:06.934977+00:00,CBRL,BUY,16,29.75,476.0,False,Filled,1264,,True,,1.0,2.0,0.0476,0.0952,0.1428
2026-05-13T18:19:06.934977+00:00,CDNA,BUY,114,21.41,2440.74,False,Filled,1267,,True,,1.0,2.0,0.24407399999999999,0.48814799999999997,0.7322219999999999
2026-05-13T18:19:06.934977+00:00,CDNL,SELL,42,57.07,2396.94,False,Submitted,1270,,True,,1.0,2.0,0.23969400000000002,0.47938800000000004,0.719082
2026-05-13T18:19:06.934977+00:00,CDW,SELL,12,99.28,1191.36,False,Filled,1273,,True,,1.0,2.0,0.11913599999999999,0.23827199999999998,0.35740799999999995
2026-05-13T18:19:06.934977+00:00,CENX,BUY,38,63.29,2405.02,False,Filled,1276,,True,,1.0,2.0,0.240502,0.481004,0.721506
2026-05-13T18:19:06.934977+00:00,CEPS,SELL,241,10.15,2446.15,False,Submitted,1279,,True,,1.0,2.0,0.244615,0.48923,0.733845
2026-05-13T18:19:06.934977+00:00,CGEM,SELL,29,16.14,468.06,False,Submitted,1282,,True,,1.0,2.0,0.046806,0.093612,0.140418
2026-05-13T18:19:06.934977+00:00,CGON,BUY,34,72.09,2451.06,False,Submitted,1285,,True,,1.0,2.0,0.245106,0.490212,0.7353179999999999
2026-05-13T18:19:06.934977+00:00,CGTL,SELL,3846,0.761,2926.806,False,Inactive,1288,,True,,1.0,2.0,0.2926806,0.5853612,0.8780418000000001
2026-05-13T18:19:06.934977+00:00,CHMG,SELL,7,65.57,458.99,False,Submitted,1291,,True,,1.0,2.0,0.045899,0.091798,0.137697
2026-05-13T18:19:06.934977+00:00,CHRN,BUY,171,14.29,2443.59,False,Submitted,1294,,True,,1.0,2.0,0.24435900000000002,0.48871800000000004,0.7330770000000001
2026-05-13T18:19:06.934977+00:00,CHRW,BUY,17,167.25,2843.25,False,Filled,1297,,True,,1.0,2.0,0.284325,0.56865,0.852975
2026-05-13T18:19:06.934977+00:00,CIFR,BUY,122,20.07,2448.54,False,Submitted,1300,,True,,1.0,2.0,0.244854,0.489708,0.7345619999999999
2026-05-13T18:19:06.934977+00:00,CLFD,SELL,54,45.14,2437.56,False,Submitted,1303,,True,,1.0,2.0,0.243756,0.487512,0.731268
2026-05-13T18:19:06.934977+00:00,CLIK,SELL,1517,1.92,2912.64,False,Inactive,1306,,True,,1.0,2.0,0.29126399999999997,0.5825279999999999,0.8737919999999999
2026-05-13T18:19:06.934977+00:00,CLNN,SELL,450,6.49,2920.5,False,Submitted,1309,,True,,1.0,2.0,0.29205,0.5841,0.87615
2026-05-13T18:19:06.934977+00:00,CLOV,BUY,145,3.29,477.05,False,Submitted,1312,,True,,1.0,2.0,0.047705000000000004,0.09541000000000001,0.14311500000000002
2026-05-13T18:19:06.934977+00:00,CLPT,BUY,193,12.65,2441.4500000000003,False,Filled,1315,,True,,1.0,2.0,0.24414500000000003,0.48829000000000006,0.7324350000000001
2026-05-13T18:19:06.934977+00:00,CLYM,BUY,219,11.18,2448.42,False,Submitted,1318,,True,,1.0,2.0,0.244842,0.489684,0.734526
2026-05-13T18:19:06.934977+00:00,CMPX,SELL,1565,1.86,2910.9,False,Filled,1321,,True,,1.0,2.0,0.29109,0.58218,0.87327
2026-05-13T18:19:06.934977+00:00,CNCK,SELL,231,2.05,473.55,False,PreSubmitted,1324,,True,,1.0,2.0,0.047355,0.09471,0.142065
2026-05-13T18:19:06.934977+00:00,CNSP,SELL,400,6.11,2444.0,False,Submitted,1327,,True,,1.0,2.0,0.2444,0.4888,0.7332000000000001
2026-05-13T18:19:06.934977+00:00,COAG,SELL,18,25.89,466.02,False,Filled,1330,,True,,1.0,2.0,0.046602,0.093204,0.13980599999999999
2026-05-13T18:19:06.934977+00:00,COIN,BUY,2,207.69,415.38,False,Cancelled,1333,,True,,1.0,2.0,0.041538,0.083076,0.124614
2026-05-13T18:19:06.934977+00:00,COLA,SELL,228,10.74,2448.7200000000003,False,Filled,1336,,True,,1.0,2.0,0.24487200000000003,0.48974400000000007,0.7346160000000002
2026-05-13T18:19:06.934977+00:00,COLL,BUY,68,35.7,2427.6000000000004,False,Filled,1339,,True,,1.0,2.0,0.24276000000000003,0.48552000000000006,0.72828
2026-05-13T18:19:06.934977+00:00,COLM,BUY,41,58.62,2403.42,False,Filled,1342,,True,,1.0,2.0,0.240342,0.480684,0.721026
2026-05-13T18:19:06.934977+00:00,COYA,SELL,110,4.28,470.8,False,Filled,1345,,True,,1.0,2.0,0.047080000000000004,0.09416000000000001,0.14124
2026-05-13T18:19:06.934977+00:00,CPSH,SELL,574,4.26,2445.24,False,Filled,1348,,True,,1.0,2.0,0.244524,0.489048,0.733572
2026-05-13T18:19:06.934977+00:00,CRAC,SELL,243,10.07,2447.01,False,Filled,1351,,True,,1.0,2.0,0.24470100000000003,0.48940200000000006,0.7341030000000001
2026-05-13T18:19:06.934977+00:00,CRDO,BUY,14,198.61,2780.54,False,Cancelled,1354,,True,,1.0,2.0,0.278054,0.556108,0.8341620000000001
2026-05-13T18:19:06.934977+00:00,CREG,SELL,1874,0.2539,475.8086,False,Submitted,1357,,True,,1.0,2.0,0.04758086,0.09516172,0.14274258
2026-05-13T18:19:06.934977+00:00,CRML,BUY,247,11.84,2924.48,False,Filled,1360,,True,,1.0,2.0,0.292448,0.584896,0.8773439999999999
2026-05-13T18:19:06.934977+00:00,CSGS,SELL,5,80.67,403.35,False,Filled,1363,,True,,1.0,2.0,0.040335,0.08067,0.121005
2026-05-13T18:19:06.934977+00:00,CSIQ,BUY,24,19.42,466.08,False,Submitted,1366,,True,,1.0,2.0,0.046608,0.093216,0.139824
2026-05-13T18:19:06.934977+00:00,CTSH,BUY,9,47.74,429.66,False,Filled,1369,,True,,1.0,2.0,0.042966000000000004,0.08593200000000001,0.128898
2026-05-13T18:19:06.934977+00:00,CUE,SELL,100,29.25,2925.0,False,Filled,1372,,True,,1.0,2.0,0.2925,0.585,0.8775
2026-05-13T18:19:06.934977+00:00,CVGI,BUY,542,5.41,2932.2200000000003,False,Filled,1375,,True,,1.0,2.0,0.29322200000000004,0.5864440000000001,0.8796660000000001
2026-05-13T18:19:06.934977+00:00,CVV,BUY,67,7.02,470.34,False,Submitted,1378,,True,,1.0,2.0,0.047034,0.094068,0.141102
2026-05-13T18:19:06.934977+00:00,CXDO,BUY,51,9.17,467.67,False,Filled,1381,,True,,1.0,2.0,0.046767,0.093534,0.140301
2026-05-13T18:19:06.934977+00:00,DARE,SELL,1113,2.62,2916.06,False,Filled,1384,,True,,1.0,2.0,0.291606,0.583212,0.8748179999999999
2026-05-13T18:19:06.934977+00:00,DASH,BUY,15,155.23,2328.45,False,Filled,1387,,True,,1.0,2.0,0.23284499999999997,0.46568999999999994,0.6985349999999999
2026-05-13T18:19:06.934977+00:00,DAVE,BUY,12,242.3,2907.6000000000004,False,Filled,1390,,True,,1.0,2.0,0.29076,0.58152,0.87228
2026-05-13T18:19:06.934977+00:00,DCBO,BUY,27,17.37,468.99,False,Filled,1393,,True,,1.0,2.0,0.046899,0.093798,0.14069700000000002
2026-05-13T18:19:06.934977+00:00,DDOG,BUY,14,199.98,2799.72,False,Submitted,1396,,True,,1.0,2.0,0.279972,0.559944,0.839916
2026-05-13T18:19:06.934977+00:00,DIBS,SELL,106,4.45,471.7000000000001,False,Filled,1399,,True,,1.0,2.0,0.04717000000000001,0.09434000000000002,0.14151000000000002
2026-05-13T18:19:06.934977+00:00,DJCO,BUY,6,487.88,2927.28,False,Filled,1402,,True,,1.0,2.0,0.29272800000000004,0.5854560000000001,0.8781840000000001
2026-05-13T18:19:06.934977+00:00,DKNG,BUY,99,24.62,2437.38,False,Submitted,1405,,True,,1.0,2.0,0.243738,0.487476,0.731214
2026-05-13T18:19:06.934977+00:00,DOMH,SELL,627,3.9,2445.3,False,Submitted,1408,,True,,1.0,2.0,0.24453000000000003,0.48906000000000005,0.7335900000000001
2026-05-13T18:19:06.934977+00:00,DOMO,BUY,659,3.73,2458.07,False,Filled,1411,,True,,1.0,2.0,0.24580700000000003,0.49161400000000005,0.7374210000000001
2026-05-13T18:19:06.934977+00:00,DPRO,BUY,88,5.4,475.2000000000001,False,Filled,1414,,True,,1.0,2.0,0.047520000000000014,0.09504000000000003,0.14256000000000005
2026-05-13T18:19:06.934977+00:00,DRTS,SELL,200,9.87,1974.0,False,Submitted,1417,,True,,1.0,2.0,0.1974,0.3948,0.5922
2026-05-13T18:19:06.934977+00:00,EDSA,BUY,35,13.28,464.8,False,Submitted,1420,,True,,1.0,2.0,0.04648,0.09296,0.13944
2026-05-13T18:19:06.934977+00:00,EGBN,SELL,18,25.39,457.02,False,Submitted,1423,,True,,1.0,2.0,0.045702,0.091404,0.137106
2026-05-13T18:19:06.934977+00:00,EIKN,SELL,41,11.52,472.32,False,Filled,1426,,True,,1.0,2.0,0.047231999999999996,0.09446399999999999,0.141696
2026-05-13T18:19:06.934977+00:00,ELPW,SELL,966,3.02,2917.32,False,Inactive,1429,,True,,1.0,2.0,0.291732,0.583464,0.875196
2026-05-13T18:19:06.934977+00:00,ELTX,SELL,232,10.54,2445.28,False,PreSubmitted,1432,,True,,1.0,2.0,0.24452800000000002,0.48905600000000005,0.733584
2026-05-13T18:19:06.934977+00:00,ELVA,BUY,45,10.39,467.55,False,Submitted,1435,,True,,1.0,2.0,0.046755,0.09351,0.140265
2026-05-13T18:19:06.934977+00:00,ELVN,BUY,57,42.31,2411.67,False,Submitted,1438,,True,,1.0,2.0,0.24116700000000002,0.48233400000000004,0.7235010000000001
2026-05-13T18:19:06.934977+00:00,EMBC,SELL,858,3.4,2917.2,False,Submitted,1441,,True,,1.0,2.0,0.29172,0.58344,0.8751599999999999
2026-05-13T18:19:06.934977+00:00,ENGN,SELL,2033,1.43,2907.19,False,Filled,1444,,True,,1.0,2.0,0.290719,0.581438,0.8721570000000001
2026-05-13T18:19:06.934977+00:00,EOSE,BUY,58,8.11,470.38,False,Submitted,1447,,True,,1.0,2.0,0.047037999999999996,0.09407599999999999,0.141114
2026-05-13T18:19:06.934977+00:00,ERII,SELL,54,8.72,470.88000000000005,False,Submitted,1450,,True,,1.0,2.0,0.047088000000000005,0.09417600000000001,0.141264
2026-05-13T18:19:06.934977+00:00,ERNA,SELL,243,12.0,2916.0,False,PreSubmitted,1453,,True,,1.0,2.0,0.2916,0.5832,0.8748
2026-05-13T18:19:06.934977+00:00,ESPR,SELL,783,3.12,2442.96,False,Filled,1456,,True,,1.0,2.0,0.244296,0.488592,0.732888
2026-05-13T18:19:06.934977+00:00,EZGO,SELL,91793,0.0319,2928.1967,False,Submitted,1459,,True,,1.0,2.0,0.29281967,0.58563934,0.8784590099999999
2026-05-13T18:19:06.934977+00:00,FA,BUY,30,15.57,467.1,False,Filled,1462,,True,,1.0,2.0,0.04671,0.09342,0.14013
2026-05-13T18:19:06.934977+00:00,FABC,BUY,393,5.03,1976.79,False,Filled,1465,,True,,1.0,2.0,0.197679,0.395358,0.593037
2026-05-13T18:19:06.934977+00:00,FACT,SELL,231,10.56,2439.36,False,Filled,1468,,True,,1.0,2.0,0.24393600000000001,0.48787200000000003,0.731808
2026-05-13T18:19:06.934977+00:00,FATN,SELL,679,3.6,2444.4,False,Inactive,1471,,True,,1.0,2.0,0.24444000000000002,0.48888000000000004,0.7333200000000001
2026-05-13T18:19:06.934977+00:00,FBRX,BUY,19,24.3,461.7,False,Submitted,1474,,True,,1.0,2.0,0.046169999999999996,0.09233999999999999,0.13851
2026-05-13T18:19:06.934977+00:00,FCHL,SELL,357,1.32,471.24,False,Inactive,1477,,True,,1.0,2.0,0.047124,0.094248,0.141372
2026-05-13T18:19:06.934977+00:00,FDMT,BUY,46,10.35,476.1,False,Submitted,1480,,True,,1.0,2.0,0.04761,0.09522,0.14283
2026-05-13T18:19:06.934977+00:00,FFAI,SELL,7126,0.4108,2927.3608,False,Filled,1483,,True,,1.0,2.0,0.29273608,0.58547216,0.87820824
2026-05-13T18:19:06.934977+00:00,FIVE,BUY,11,208.56,2294.16,False,Submitted,1486,,True,,1.0,2.0,0.22941599999999998,0.45883199999999996,0.688248
2026-05-13T18:19:06.934977+00:00,FLEX,BUY,3,139.72,419.16,False,Submitted,1489,,True,,1.0,2.0,0.041916,0.083832,0.125748
2026-05-13T18:19:06.934977+00:00,FLNC,BUY,696,21.29,14817.84,False,Submitted,1492,,True,,1.0,2.0,1.481784,2.963568,4.445352
2026-05-13T18:19:06.934977+00:00,FLWS,BUY,558,4.4,2455.2000000000003,False,Filled,1495,,True,,1.0,2.0,0.24552000000000002,0.49104000000000003,0.7365600000000001
2026-05-13T18:19:06.934977+00:00,FLYW,BUY,147,16.67,2450.49,False,Filled,1498,,True,,1.0,2.0,0.245049,0.490098,0.735147
2026-05-13T18:19:06.934977+00:00,FNKO,BUY,528,5.55,2930.4,False,Filled,1501,,True,,1.0,2.0,0.29304,0.58608,0.8791200000000001
2026-05-13T18:19:06.934977+00:00,FNRN,SELL,137,17.79,2437.23,False,Submitted,1504,,True,,1.0,2.0,0.243723,0.487446,0.731169
2026-05-13T18:19:06.934977+00:00,FOSL,BUY,741,3.96,2934.36,False,Filled,1507,,True,,1.0,2.0,0.29343600000000003,0.5868720000000001,0.8803080000000001
2026-05-13T18:19:06.934977+00:00,FOXF,BUY,145,16.84,2441.8,False,Filled,1510,,True,,1.0,2.0,0.24418,0.48836,0.73254
2026-05-13T18:19:06.934977+00:00,FROG,BUY,43,67.57,2905.51,False,Cancelled,1513,,True,,1.0,2.0,0.290551,0.581102,0.871653
2026-05-13T18:19:06.934977+00:00,FRPH,SELL,130,22.43,2915.9,False,Submitted,1516,,True,,1.0,2.0,0.29159,0.58318,0.87477
2026-05-13T18:19:06.934977+00:00,FRPT,BUY,47,51.29,2410.63,False,Cancelled,1519,,True,,1.0,2.0,0.241063,0.482126,0.723189
2026-05-13T18:19:06.934977+00:00,FSEA,SELL,28,16.65,466.19999999999993,False,Filled,1522,,True,,1.0,2.0,0.046619999999999995,0.09323999999999999,0.13985999999999998
2026-05-13T18:19:06.934977+00:00,FSLY,SELL,25,19.02,475.5,False,Submitted,1525,,True,,1.0,2.0,0.04755,0.0951,0.14265
2026-05-13T18:19:06.934977+00:00,FTAI,BUY,1,266.27,266.27,False,Submitted,1528,,True,,1.0,2.0,0.026626999999999998,0.053253999999999996,0.079881
2026-05-13T18:19:06.934977+00:00,FTNT,BUY,4,113.9,455.6,False,Submitted,1531,,True,,1.0,2.0,0.04556,0.09112,0.13668000000000002
2026-05-13T18:19:06.934977+00:00,FTRE,BUY,200,14.62,2924.0,False,Filled,1534,,True,,1.0,2.0,0.2924,0.5848,0.8772
2026-05-13T18:19:06.934977+00:00,FWRD,SELL,266,9.18,2441.88,False,Submitted,1537,,True,,1.0,2.0,0.24418800000000002,0.48837600000000003,0.732564
2026-05-13T18:19:06.934977+00:00,FWRG,BUY,41,11.36,465.76,False,Filled,1540,,True,,1.0,2.0,0.046576,0.093152,0.139728
2026-05-13T18:19:06.934977+00:00,GALT,SELL,1089,2.24,2439.36,False,Filled,1543,,True,,1.0,2.0,0.24393600000000001,0.48787200000000003,0.731808
2026-05-13T18:19:06.934977+00:00,GAUZ,SELL,2650,0.9248,2450.72,False,PreSubmitted,1546,,True,,1.0,2.0,0.24507199999999998,0.49014399999999997,0.735216
2026-05-13T18:19:06.934977+00:00,GDC,SELL,20797,0.1408,2928.2176000000004,False,Submitted,1549,,True,,1.0,2.0,0.29282176000000004,0.5856435200000001,0.8784652800000001
2026-05-13T18:19:06.934977+00:00,GDRX,BUY,176,2.7,475.2000000000001,False,Filled,1552,,True,,1.0,2.0,0.047520000000000014,0.09504000000000003,0.14256000000000005
2026-05-13T18:19:06.934977+00:00,GELS,SELL,1107,0.4298,475.7886,False,Submitted,1555,,True,,1.0,2.0,0.04757886,0.09515772,0.14273658
2026-05-13T18:19:06.934977+00:00,GEOS,SELL,232,8.5,1972.0,False,Submitted,1558,,True,,1.0,2.0,0.1972,0.3944,0.5915999999999999
2026-05-13T18:19:06.934977+00:00,GFS,BUY,33,72.17,2381.61,False,Submitted,1561,,True,,1.0,2.0,0.238161,0.476322,0.714483
2026-05-13T18:19:06.934977+00:00,GH,BUY,24,99.96,2399.04,False,Filled,1564,,True,,1.0,2.0,0.239904,0.479808,0.719712
2026-05-13T18:19:06.934977+00:00,GILT,SELL,123,19.9,2447.7,False,Submitted,1567,,True,,1.0,2.0,0.24477,0.48954,0.73431
2026-05-13T18:19:06.934977+00:00,GLE,SELL,4386,0.5589,2451.3354,False,Submitted,1570,,True,,1.0,2.0,0.24513353999999998,0.49026707999999997,0.73540062
2026-05-13T18:19:06.934977+00:00,GLIBA,SELL,86,28.37,2439.82,False,Submitted,1573,,True,,1.0,2.0,0.243982,0.487964,0.731946
2026-05-13T18:19:06.934977+00:00,GLIBK,SELL,87,28.07,2442.09,False,Submitted,1576,,True,,1.0,2.0,0.244209,0.488418,0.732627
2026-05-13T18:19:06.934977+00:00,GLND,SELL,972,3.0,2916.0,False,Submitted,1579,,True,,1.0,2.0,0.2916,0.5832,0.8748
2026-05-13T18:19:06.934977+00:00,GLSI,SELL,118,24.7,2914.6,False,Filled,1582,,True,,1.0,2.0,0.29146,0.58292,0.8743799999999999
2026-05-13T18:19:06.934977+00:00,GLUE,BUY,153,19.12,2925.36,False,Filled,1585,,True,,1.0,2.0,0.292536,0.585072,0.877608
2026-05-13T18:19:06.934977+00:00,GMM,SELL,396,1.19,471.24,False,Filled,1588,,True,,1.0,2.0,0.047124,0.094248,0.141372
2026-05-13T18:19:06.934977+00:00,GPAT,SELL,268,10.88,2915.84,False,Submitted,1591,,True,,1.0,2.0,0.291584,0.583168,0.874752
2026-05-13T18:19:06.934977+00:00,GPRE,BUY,146,16.78,2449.88,False,Filled,1594,,True,,1.0,2.0,0.244988,0.489976,0.7349640000000001
2026-05-13T18:19:06.934977+00:00,GPRO,BUY,2170,1.14,2473.8,False,Filled,1597,,True,,1.0,2.0,0.24738000000000002,0.49476000000000003,0.74214
2026-05-13T18:19:06.934977+00:00,GSHD,BUY,73,39.66,2895.18,False,Cancelled,1600,,True,,1.0,2.0,0.289518,0.579036,0.868554
2026-05-13T18:19:06.934977+00:00,GSIT,SELL,171,11.53,1971.63,False,Cancelled,1603,,True,,1.0,2.0,0.197163,0.394326,0.591489
2026-05-13T18:19:06.934977+00:00,GT,SELL,418,5.85,2445.3,False,Submitted,1606,,True,,1.0,2.0,0.24453000000000003,0.48906000000000005,0.7335900000000001
2026-05-13T18:19:06.934977+00:00,GTM,SELL,117,4.05,473.85,False,Submitted,1609,,True,,1.0,2.0,0.047385000000000004,0.09477000000000001,0.142155
2026-05-13T18:19:06.934977+00:00,GUTS,BUY,648,0.7341,475.6968,False,Submitted,1612,,True,,1.0,2.0,0.04756968,0.09513936,0.14270904
2026-05-13T18:19:06.934977+00:00,GV,SELL,1756,0.2709,475.7004,False,Filled,1615,,True,,1.0,2.0,0.04757004,0.09514008,0.14271012
2026-05-13T18:19:06.934977+00:00,HAIN,SELL,591,0.8046,475.5186,False,Submitted,1618,,True,,1.0,2.0,0.04755186,0.09510372,0.14265558
2026-05-13T18:19:06.934977+00:00,HALO,SELL,6,70.91,425.46,False,Submitted,1621,,True,,1.0,2.0,0.042546,0.085092,0.127638
2026-05-13T18:19:06.934977+00:00,HAO,SELL,71946,0.0407,2928.2022,False,PreSubmitted,1624,,True,,1.0,2.0,0.29282022,0.58564044,0.87846066
2026-05-13T18:19:06.934977+00:00,HCHL,SELL,164,2.89,473.96,False,Inactive,1627,,True,,1.0,2.0,0.047396,0.094792,0.142188
2026-05-13T18:19:06.934977+00:00,HCKT,SELL,285,10.23,2915.55,False,Submitted,1630,,True,,1.0,2.0,0.291555,0.58311,0.874665
2026-05-13T18:19:06.934977+00:00,HCSG,BUY,110,22.13,2434.3,False,Filled,1633,,True,,1.0,2.0,0.24343,0.48686,0.73029
2026-05-13T18:19:06.934977+00:00,HDSN,SELL,95,4.95,470.25,False,Submitted,1636,,True,,1.0,2.0,0.047025,0.09405,0.141075
2026-05-13T18:19:06.934977+00:00,HELE,BUY,102,23.98,2445.96,False,Filled,1639,,True,,1.0,2.0,0.244596,0.489192,0.733788
2026-05-13T18:19:06.934977+00:00,HLMN,BUY,387,7.57,2929.59,False,Filled,1642,,True,,1.0,2.0,0.292959,0.585918,0.8788770000000001
2026-05-13T18:19:06.934977+00:00,HOOD,BUY,6,78.29,469.74,False,Filled,1645,,True,,1.0,2.0,0.046974,0.093948,0.140922
2026-05-13T18:19:06.934977+00:00,HOVR,SELL,213,2.22,472.86,False,Filled,1648,,True,,1.0,2.0,0.047286,0.094572,0.141858
2026-05-13T18:19:06.934977+00:00,HPAI,SELL,2185,1.33,2906.05,False,PreSubmitted,1651,,True,,1.0,2.0,0.290605,0.58121,0.871815
2026-05-13T18:19:06.934977+00:00,HPK,SELL,69,6.88,474.72,False,Filled,1654,,True,,1.0,2.0,0.047472,0.094944,0.142416
2026-05-13T18:19:06.934977+00:00,HQ,SELL,168,11.75,1974.0,False,PreSubmitted,1657,,True,,1.0,2.0,0.1974,0.3948,0.5922
2026-05-13T18:19:06.934977+00:00,HSPT,SELL,322,7.59,2443.98,False,Cancelled,1660,,True,,1.0,2.0,0.244398,0.488796,0.733194
2026-05-13T18:19:06.934977+00:00,HTCO,SELL,259,11.27,2918.93,False,Inactive,1663,,True,,1.0,2.0,0.29189299999999996,0.5837859999999999,0.8756789999999999
2026-05-13T18:19:06.934977+00:00,HTZ,BUY,82,5.76,472.32,False,Submitted,1666,,True,,1.0,2.0,0.047231999999999996,0.09446399999999999,0.141696
2026-05-13T18:19:06.934977+00:00,HUBC,SELL,14068,0.1743,2452.0524,False,Inactive,1669,,True,,1.0,2.0,0.24520524,0.49041048,0.73561572
2026-05-13T18:19:06.934977+00:00,HUBG,BUY,66,36.63,2417.5800000000004,False,Submitted,1672,,True,,1.0,2.0,0.24175800000000003,0.48351600000000006,0.7252740000000001
2026-05-13T18:19:06.934977+00:00,HUMA,BUY,3217,0.9102,2928.1134,False,Submitted,1675,,True,,1.0,2.0,0.29281134000000003,0.5856226800000001,0.87843402
2026-05-13T18:19:06.934977+00:00,HUT,BUY,22,107.34,2361.48,False,Submitted,1678,,True,,1.0,2.0,0.236148,0.472296,0.708444
2026-05-13T18:19:06.934977+00:00,HYMC,BUY,10,45.17,451.7000000000001,False,Filled,1681,,True,,1.0,2.0,0.04517000000000001,0.09034000000000002,0.13551000000000002
2026-05-13T18:19:06.934977+00:00,IFRX,BUY,195,2.44,475.8,False,Submitted,1684,,True,,1.0,2.0,0.047580000000000004,0.09516000000000001,0.14274
2026-05-13T18:19:06.934977+00:00,IHRT,BUY,505,4.86,2454.3,False,Submitted,1687,,True,,1.0,2.0,0.24543,0.49086,0.73629
2026-05-13T18:19:06.934977+00:00,IKT,BUY,247,1.93,476.71,False,Filled,1690,,True,,1.0,2.0,0.047671,0.095342,0.143013
2026-05-13T18:19:06.934977+00:00,IMUX,SELL,246,11.89,2924.94,False,Filled,1693,,True,,1.0,2.0,0.29249400000000003,0.5849880000000001,0.8774820000000001
2026-05-13T18:19:06.934977+00:00,INBS,SELL,771,3.17,2444.07,False,Cancelled,1696,,True,,1.0,2.0,0.244407,0.488814,0.733221
2026-05-13T18:19:06.934977+00:00,INDI,BUY,103,4.62,475.86,False,Filled,1699,,True,,1.0,2.0,0.047586,0.095172,0.142758
2026-05-13T18:19:06.934977+00:00,INDV,BUY,76,38.29,2910.04,False,Filled,1702,,True,,1.0,2.0,0.291004,0.582008,0.8730119999999999
2026-05-13T18:19:06.934977+00:00,INOD,SELL,21,92.07,1933.47,False,Submitted,1705,,True,,1.0,2.0,0.193347,0.386694,0.580041
2026-05-13T18:19:06.934977+00:00,INSM,SELL,25,115.97,2899.25,False,Filled,1708,,True,,1.0,2.0,0.289925,0.57985,0.869775
2026-05-13T18:19:06.934977+00:00,INTC,BUY,24,120.64,2895.36,False,Submitted,1711,,True,,1.0,2.0,0.289536,0.579072,0.868608
2026-05-13T18:19:06.934977+00:00,INTG,SELL,12,39.41,472.92,False,Submitted,1714,,True,,1.0,2.0,0.047292,0.094584,0.141876
2026-05-13T18:19:06.934977+00:00,INTR,SELL,457,6.39,2920.23,False,Submitted,1717,,True,,1.0,2.0,0.292023,0.584046,0.876069
2026-05-13T18:19:06.934977+00:00,IPCX,SELL,46,10.29,473.34,False,Filled,1720,,True,,1.0,2.0,0.047333999999999994,0.09466799999999999,0.142002
2026-05-13T18:19:06.934977+00:00,IPSC,BUY,1278,2.3,2939.4,False,Submitted,1723,,True,,1.0,2.0,0.29394000000000003,0.5878800000000001,0.88182
2026-05-13T18:19:06.934977+00:00,IPWR,SELL,449,5.44,2442.5600000000004,False,Filled,1726,,True,,1.0,2.0,0.24425600000000003,0.48851200000000006,0.7327680000000001
2026-05-13T18:19:06.934977+00:00,IRHO,SELL,293,9.97,2921.21,False,Filled,1729,,True,,1.0,2.0,0.292121,0.584242,0.876363
2026-05-13T18:19:06.934977+00:00,IRWD,BUY,715,4.1,2931.4999999999995,False,Filled,1732,,True,,1.0,2.0,0.29314999999999997,0.5862999999999999,0.8794499999999998
2026-05-13T18:19:06.934977+00:00,ISPC,SELL,540,4.53,2446.2000000000003,False,Submitted,1735,,True,,1.0,2.0,0.24462000000000003,0.48924000000000006,0.7338600000000001
2026-05-13T18:19:06.934977+00:00,ISSC,BUY,115,21.23,2441.4500000000003,False,Filled,1738,,True,,1.0,2.0,0.24414500000000003,0.48829000000000006,0.7324350000000001
2026-05-13T18:19:06.934977+00:00,IZM,SELL,1257,0.3785,475.7745,False,Cancelled,1741,,True,,1.0,2.0,0.04757745,0.0951549,0.14273235
2026-05-13T18:19:06.934977+00:00,JACK,BUY,180,13.58,2444.4,False,Filled,1744,,True,,1.0,2.0,0.24444000000000002,0.48888000000000004,0.7333200000000001
2026-05-13T18:19:06.934977+00:00,JBIO,BUY,97,25.24,2448.28,False,Filled,1747,,True,,1.0,2.0,0.24482800000000002,0.48965600000000004,0.734484
2026-05-13T18:19:06.934977+00:00,JBLU,BUY,100,4.74,474.0,False,Filled,1750,,True,,1.0,2.0,0.0474,0.0948,0.1422
2026-05-13T18:19:06.934977+00:00,JDZG,SELL,222,2.13,472.86,False,Submitted,1753,,True,,1.0,2.0,0.047286,0.094572,0.141858
2026-05-13T18:19:06.934977+00:00,JRVR,SELL,697,4.19,2920.4300000000003,False,Submitted,1756,,True,,1.0,2.0,0.29204300000000005,0.5840860000000001,0.8761290000000002
2026-05-13T18:19:06.934977+00:00,JYNT,SELL,54,8.67,468.18,False,Submitted,1759,,True,,1.0,2.0,0.046818,0.093636,0.140454
2026-05-13T18:19:06.934977+00:00,JZXN,SELL,1660,1.18,1958.8,False,Inactive,1762,,True,,1.0,2.0,0.19588,0.39176,0.5876399999999999
2026-05-13T18:19:06.934977+00:00,KALU,BUY,13,176.4,2293.2000000000003,False,Submitted,1765,,True,,1.0,2.0,0.22932000000000002,0.45864000000000005,0.6879600000000001
2026-05-13T18:19:06.934977+00:00,KALV,SELL,109,26.72,2912.48,False,Filled,1768,,True,,1.0,2.0,0.291248,0.582496,0.8737440000000001
2026-05-13T18:19:06.934977+00:00,KEEL,BUY,116,4.08,473.28,False,Submitted,1771,,True,,1.0,2.0,0.047327999999999995,0.09465599999999999,0.141984
2026-05-13T18:19:06.934977+00:00,KLIC,BUY,25,98.02,2450.5,False,Submitted,1774,,True,,1.0,2.0,0.24505,0.4901,0.73515
2026-05-13T18:19:06.934977+00:00,KMTS,BUY,22,21.58,474.76,False,Submitted,1777,,True,,1.0,2.0,0.047476,0.094952,0.142428
2026-05-13T18:19:06.934977+00:00,KOPN,BUY,458,5.36,2454.88,False,Filled,1780,,True,,1.0,2.0,0.245488,0.490976,0.736464
2026-05-13T18:19:06.934977+00:00,KRAQ,SELL,47,9.91,465.77,False,Submitted,1783,,True,,1.0,2.0,0.046577,0.093154,0.139731
2026-05-13T18:19:06.934977+00:00,KRNT,SELL,29,16.07,466.03,False,Cancelled,1786,,True,,1.0,2.0,0.046603,0.093206,0.139809
2026-05-13T18:19:06.934977+00:00,KXIN,SELL,556,5.25,2919.0,False,Inactive,1789,,True,,1.0,2.0,0.2919,0.5838,0.8756999999999999
2026-05-13T18:19:06.934977+00:00,KYMR,BUY,29,83.57,2423.53,False,Submitted,1792,,True,,1.0,2.0,0.242353,0.484706,0.727059
2026-05-13T18:19:06.934977+00:00,LASR,BUY,5,83.83,419.15,False,Cancelled,1795,,True,,1.0,2.0,0.041915,0.08383,0.125745
2026-05-13T18:19:06.934977+00:00,LBRX,BUY,94,31.14,2927.16,False,Submitted,1798,,True,,1.0,2.0,0.292716,0.585432,0.8781479999999999
2026-05-13T18:19:06.934977+00:00,LBTYB,SELL,198,14.76,2922.48,False,Submitted,1801,,True,,1.0,2.0,0.292248,0.584496,0.876744
2026-05-13T18:19:06.934977+00:00,LE,BUY,222,11.02,2446.44,False,Filled,1804,,True,,1.0,2.0,0.244644,0.489288,0.733932
2026-05-13T18:19:06.934977+00:00,LGIH,BUY,10,45.61,456.1,False,Filled,1807,,True,,1.0,2.0,0.045610000000000005,0.09122000000000001,0.13683
2026-05-13T18:19:06.934977+00:00,LHAI,SELL,2870,1.01,2898.7,False,Inactive,1810,,True,,1.0,2.0,0.28986999999999996,0.5797399999999999,0.8696099999999999
2026-05-13T18:19:06.934977+00:00,LIFE,BUY,114,25.66,2925.24,False,Filled,1813,,True,,1.0,2.0,0.29252399999999995,0.5850479999999999,0.8775719999999998
2026-05-13T18:19:06.934977+00:00,LIND,BUY,128,19.03,2435.84,False,Filled,1816,,True,,1.0,2.0,0.24358400000000002,0.48716800000000005,0.7307520000000001
2026-05-13T18:19:06.934977+00:00,LINK,SELL,728,3.36,2446.08,False,Submitted,1819,,True,,1.0,2.0,0.244608,0.489216,0.733824
2026-05-13T18:19:06.934977+00:00,LMB,SELL,40,72.3,2892.0,False,Filled,1822,,True,,1.0,2.0,0.2892,0.5784,0.8676
2026-05-13T18:19:06.934977+00:00,LOVE,BUY,30,15.84,475.2,False,Filled,1825,,True,,1.0,2.0,0.04752,0.09504,0.14256
2026-05-13T18:19:06.934977+00:00,LQDA,SELL,43,56.58,2432.94,False,Filled,1828,,True,,1.0,2.0,0.243294,0.486588,0.729882
2026-05-13T18:19:06.934977+00:00,LRCX,BUY,8,289.3,2314.4,False,Submitted,1831,,True,,1.0,2.0,0.23144,0.46288,0.69432
2026-05-13T18:19:06.934977+00:00,LRMR,SELL,709,4.12,2921.08,False,Submitted,1834,,True,,1.0,2.0,0.292108,0.584216,0.8763239999999999
2026-05-13T18:19:06.934977+00:00,LUNR,BUY,14,32.1,449.4,False,Submitted,1837,,True,,1.0,2.0,0.04494,0.08988,0.13482
2026-05-13T18:19:06.934977+00:00,LXRX,SELL,1017,2.4,2440.8,False,Filled,1840,,True,,1.0,2.0,0.24408000000000002,0.48816000000000004,0.73224
2026-05-13T18:19:06.934977+00:00,MASI,SELL,16,178.51,2856.16,False,Submitted,1843,,True,,1.0,2.0,0.285616,0.571232,0.8568479999999999
2026-05-13T18:19:06.934977+00:00,MBAI,SELL,281,1.68,472.08,False,Cancelled,1846,,True,,1.0,2.0,0.047208,0.094416,0.141624
2026-05-13T18:19:06.934977+00:00,MBBC,SELL,31,15.12,468.72,False,Submitted,1849,,True,,1.0,2.0,0.046872000000000004,0.09374400000000001,0.14061600000000002
2026-05-13T18:19:06.934977+00:00,MBX,BUY,12,36.99,443.88,False,Submitted,1852,,True,,1.0,2.0,0.044388,0.088776,0.133164
2026-05-13T18:19:06.934977+00:00,MCFT,BUY,117,24.87,2909.79,False,Submitted,1855,,True,,1.0,2.0,0.290979,0.581958,0.872937
2026-05-13T18:19:06.934977+00:00,MCW,SELL,414,7.06,2922.84,False,Filled,1858,,True,,1.0,2.0,0.292284,0.584568,0.876852
2026-05-13T18:19:06.934977+00:00,MDAI,BUY,221,2.16,477.36,False,Filled,1861,,True,,1.0,2.0,0.047736,0.095472,0.143208
2026-05-13T18:19:06.934977+00:00,MEHA,SELL,28024,0.0875,2452.1,False,Cancelled,1864,,True,,1.0,2.0,0.24520999999999998,0.49041999999999997,0.73563
2026-05-13T18:19:06.934977+00:00,MELI,SELL,1,1578.46,1578.46,False,Submitted,1867,,True,,1.0,2.0,0.15784600000000001,0.31569200000000003,0.473538
2026-05-13T18:19:06.934977+00:00,METC,SELL,28,16.5,462.0,False,Submitted,1870,,True,,1.0,2.0,0.0462,0.0924,0.1386
2026-05-13T18:19:06.934977+00:00,MGEE,SELL,6,75.28,451.68,False,Submitted,1873,,True,,1.0,2.0,0.045168,0.090336,0.135504
2026-05-13T18:19:06.934977+00:00,MGNX,SELL,135,3.51,473.85,False,Filled,1876,,True,,1.0,2.0,0.047385000000000004,0.09477000000000001,0.142155
2026-05-13T18:19:06.934977+00:00,MGRT,SELL,22,129.97,2859.34,False,Inactive,1879,,True,,1.0,2.0,0.285934,0.571868,0.8578020000000001
2026-05-13T18:19:06.934977+00:00,MKSI,BUY,9,311.79,2806.11,False,Submitted,1882,,True,,1.0,2.0,0.280611,0.561222,0.841833
2026-05-13T18:19:06.934977+00:00,MLTX,SELL,134,18.18,2436.12,False,Filled,1885,,True,,1.0,2.0,0.243612,0.487224,0.730836
2026-05-13T18:19:06.934977+00:00,MMED,BUY,206,11.9,2451.4,False,Filled,1888,,True,,1.0,2.0,0.24514,0.49028,0.73542
2026-05-13T18:19:06.934977+00:00,MNPR,BUY,7,61.37,429.59,False,Filled,1891,,True,,1.0,2.0,0.042959,0.085918,0.128877
2026-05-13T18:19:06.934977+00:00,MNST,BUY,203,85.89,17435.670000000002,False,Submitted,1894,,True,,1.0,2.0,1.743567,3.487134,5.230701
2026-05-13T18:19:06.934977+00:00,MNTS,SELL,459,5.33,2446.4700000000003,False,Submitted,1897,,True,,1.0,2.0,0.24464700000000003,0.48929400000000006,0.7339410000000001
2026-05-13T18:19:06.934977+00:00,MOBX,SELL,1517,1.92,2912.64,False,Submitted,1900,,True,,1.0,2.0,0.29126399999999997,0.5825279999999999,0.8737919999999999
2026-05-13T18:19:06.934977+00:00,MOVE,SELL,31,15.08,467.48,False,Cancelled,1903,,True,,1.0,2.0,0.046748000000000005,0.09349600000000001,0.140244
2026-05-13T18:19:06.934977+00:00,MRAM,SELL,55,44.0,2420.0,False,Submitted,1906,,True,,1.0,2.0,0.242,0.484,0.726
2026-05-13T18:19:06.934977+00:00,MRLN,SELL,313,7.82,2447.6600000000003,False,Filled,1909,,True,,1.0,2.0,0.24476600000000004,0.4895320000000001,0.7342980000000001
2026-05-13T18:19:06.934977+00:00,MRVI,BUY,102,4.67,476.34,False,Filled,1912,,True,,1.0,2.0,0.047633999999999996,0.09526799999999999,0.14290199999999997
2026-05-13T18:19:06.934977+00:00,MSFT,SELL,50,407.68,20384.0,False,Submitted,1915,,True,,1.0,2.0,2.0384,4.0768,6.115200000000001
2026-05-13T18:19:06.934977+00:00,MSTR,BUY,2,184.46,368.92,False,Filled,1918,,True,,1.0,2.0,0.036892,0.073784,0.110676
2026-05-13T18:19:06.934977+00:00,MU,BUY,3,766.74,2300.2200000000003,False,Submitted,1921,,True,,1.0,2.0,0.23002200000000003,0.46004400000000006,0.6900660000000001
2026-05-13T18:19:06.934977+00:00,MVST,SELL,337,1.4,471.8,False,Cancelled,1924,,True,,1.0,2.0,0.04718,0.09436,0.14154
2026-05-13T18:19:06.934977+00:00,MXL,BUY,31,91.95,2850.4500000000003,False,Submitted,1927,,True,,1.0,2.0,0.28504500000000005,0.5700900000000001,0.8551350000000002
2026-05-13T18:19:06.934977+00:00,NAUT,SELL,836,2.92,2441.12,False,Filled,1930,,True,,1.0,2.0,0.244112,0.488224,0.732336
2026-05-13T18:19:06.934977+00:00,NB,BUY,477,6.14,2928.78,False,Filled,1933,,True,,1.0,2.0,0.292878,0.585756,0.8786340000000001
2026-05-13T18:19:06.934977+00:00,NBIS,BUY,2,179.15,358.3,False,Submitted,1936,,True,,1.0,2.0,0.03583,0.07166,0.10749
2026-05-13T18:19:06.934977+00:00,NCI,SELL,2249,1.08,2428.92,False,Inactive,1939,,True,,1.0,2.0,0.242892,0.485784,0.728676
2026-05-13T18:19:06.934977+00:00,NCRA,SELL,2394,0.1988,475.9272,False,Inactive,1942,,True,,1.0,2.0,0.047592720000000005,0.09518544000000001,0.14277816000000002
2026-05-13T18:19:06.934977+00:00,NEGG,BUY,100,24.37,2437.0,False,Filled,1945,,True,,1.0,2.0,0.2437,0.4874,0.7311
2026-05-13T18:19:06.934977+00:00,NEXT,SELL,288,8.49,2445.12,False,Submitted,1948,,True,,1.0,2.0,0.24451199999999998,0.48902399999999996,0.733536
2026-05-13T18:19:06.934977+00:00,NKLR,BUY,79,5.98,472.42,False,Filled,1951,,True,,1.0,2.0,0.047242,0.094484,0.141726
2026-05-13T18:19:06.934977+00:00,NKTR,BUY,6,78.45,470.7000000000001,False,Filled,1954,,True,,1.0,2.0,0.04707000000000001,0.09414000000000002,0.14121000000000003
2026-05-13T18:19:06.934977+00:00,NMRA,SELL,1541,1.89,2912.49,False,Submitted,1957,,True,,1.0,2.0,0.291249,0.582498,0.8737469999999999
2026-05-13T18:19:06.934977+00:00,NNBR,BUY,1235,2.38,2939.3,False,Filled,1960,,True,,1.0,2.0,0.29393,0.58786,0.8817900000000001
2026-05-13T18:19:06.934977+00:00,NNE,BUY,17,27.1,460.7000000000001,False,Submitted,1963,,True,,1.0,2.0,0.04607000000000001,0.09214000000000001,0.13821000000000003
2026-05-13T18:19:06.934977+00:00,NOVT,SELL,2,159.15,318.3,False,Submitted,1966,,True,,1.0,2.0,0.031830000000000004,0.06366000000000001,0.09549000000000002
2026-05-13T18:19:06.934977+00:00,NRXP,SELL,165,2.86,471.9,False,Filled,1969,,True,,1.0,2.0,0.047189999999999996,0.09437999999999999,0.14156999999999997
2026-05-13T18:19:06.934977+00:00,NSIT,SELL,28,87.0,2436.0,False,Submitted,1972,,True,,1.0,2.0,0.2436,0.4872,0.7308
2026-05-13T18:19:06.934977+00:00,NTCL,SELL,5824,0.4209,2451.3216,False,Inactive,1975,,True,,1.0,2.0,0.24513216000000002,0.49026432000000003,0.73539648
2026-05-13T18:19:06.934977+00:00,NTNX,BUY,10,44.41,444.1,False,Submitted,1978,,True,,1.0,2.0,0.044410000000000005,0.08882000000000001,0.13323000000000002
2026-05-13T18:19:06.934977+00:00,NUAI,SELL,498,4.91,2445.1800000000003,False,Filled,1981,,True,,1.0,2.0,0.24451800000000004,0.4890360000000001,0.7335540000000002
2026-05-13T18:19:06.934977+00:00,NUCL,BUY,46,10.35,476.1,False,Submitted,1984,,True,,1.0,2.0,0.04761,0.09522,0.14283
2026-05-13T18:19:06.934977+00:00,NVAX,BUY,254,9.63,2446.02,False,Filled,1987,,True,,1.0,2.0,0.24460199999999999,0.48920399999999997,0.733806
2026-05-13T18:19:06.934977+00:00,NVDA,BUY,2,220.83,441.66,False,Submitted,1990,,True,,1.0,2.0,0.044166000000000004,0.08833200000000001,0.132498
2026-05-13T18:19:06.934977+00:00,NVTS,BUY,24,19.26,462.24,False,Submitted,1993,,True,,1.0,2.0,0.046224,0.092448,0.13867200000000002
2026-05-13T18:19:06.934977+00:00,OCG,SELL,255,1.85,471.75,False,Cancelled,1996,,True,,1.0,2.0,0.047175,0.09435,0.141525
2026-05-13T18:19:06.934977+00:00,OCS,BUY,15,30.42,456.3,False,Submitted,1999,,True,,1.0,2.0,0.045630000000000004,0.09126000000000001,0.13689
2026-05-13T18:19:06.934977+00:00,ODFL,BUY,12,191.16,2293.92,False,Filled,2002,,True,,1.0,2.0,0.229392,0.458784,0.688176
2026-05-13T18:19:06.934977+00:00,ODYS,SELL,602,4.85,2919.7,False,Inactive,2005,,True,,1.0,2.0,0.29197,0.58394,0.87591
2026-05-13T18:19:06.934977+00:00,OGI,SELL,428,1.1,470.8,False,Submitted,2008,,True,,1.0,2.0,0.047080000000000004,0.09416000000000001,0.14124
2026-05-13T18:19:06.934977+00:00,OLPX,SELL,1435,2.03,2913.05,False,Filled,2011,,True,,1.0,2.0,0.29130500000000004,0.5826100000000001,0.8739150000000001
2026-05-13T18:19:06.934977+00:00,OMEX,SELL,2686,1.08,2900.88,False,Filled,2014,,True,,1.0,2.0,0.290088,0.580176,0.870264
2026-05-13T18:19:06.934977+00:00,ONDS,BUY,323,9.05,2923.15,False,Filled,2017,,True,,1.0,2.0,0.292315,0.58463,0.876945
2026-05-13T18:19:06.934977+00:00,ONEG,SELL,2335,1.04,2428.4,False,Inactive,2020,,True,,1.0,2.0,0.24284,0.48568,0.7285200000000001
2026-05-13T18:19:06.934977+00:00,ONEW,BUY,42,11.17,469.14,False,Filled,2023,,True,,1.0,2.0,0.046914,0.093828,0.14074199999999998
2026-05-13T18:19:06.934977+00:00,OPEN,BUY,621,4.72,2931.12,False,Filled,2026,,True,,1.0,2.0,0.293112,0.586224,0.8793359999999999
2026-05-13T18:19:06.934977+00:00,OPRT,BUY,433,5.67,2455.11,False,Filled,2029,,True,,1.0,2.0,0.245511,0.491022,0.736533
2026-05-13T18:19:06.934977+00:00,OPXS,SELL,40,11.74,469.6,False,Submitted,2032,,True,,1.0,2.0,0.04696,0.09392,0.14088
2026-05-13T18:19:06.934977+00:00,ORBS,BUY,530,0.8984,476.152,False,Filled,2035,,True,,1.0,2.0,0.047615199999999996,0.09523039999999999,0.1428456
2026-05-13T18:19:06.934977+00:00,ORMP,SELL,551,4.44,2446.44,False,Filled,2038,,True,,1.0,2.0,0.244644,0.489288,0.733932
2026-05-13T18:19:06.934977+00:00,OSRH,SELL,741,0.642,475.722,False,Submitted,2041,,True,,1.0,2.0,0.047572199999999995,0.09514439999999999,0.14271659999999997
2026-05-13T18:19:06.934977+00:00,OSS,BUY,188,15.56,2925.28,False,Submitted,2044,,True,,1.0,2.0,0.292528,0.585056,0.877584
2026-05-13T18:19:06.934977+00:00,OTLK,SELL,10111,0.2425,2451.9175,False,Submitted,2047,,True,,1.0,2.0,0.24519175,0.4903835,0.73557525
2026-05-13T18:19:06.934977+00:00,OUST,SELL,90,27.09,2438.1,False,Cancelled,2050,,True,,1.0,2.0,0.24381,0.48762,0.73143
2026-05-13T18:19:06.934977+00:00,PAHC,SELL,80,36.57,2925.6,False,Submitted,2053,,True,,1.0,2.0,0.29256,0.58512,0.87768
2026-05-13T18:19:06.934977+00:00,PALI,BUY,247,1.93,476.71,False,Filled,2056,,True,,1.0,2.0,0.047671,0.095342,0.143013
2026-05-13T18:19:06.934977+00:00,PANL,SELL,55,8.63,474.65,False,Submitted,2059,,True,,1.0,2.0,0.047465,0.09493,0.142395
2026-05-13T18:19:06.934977+00:00,PANW,BUY,2,215.65,431.3,False,Submitted,2062,,True,,1.0,2.0,0.04313,0.08626,0.12939
2026-05-13T18:19:06.934977+00:00,PARK,SELL,25,18.95,473.75,False,Submitted,2065,,True,,1.0,2.0,0.047375,0.09475,0.142125
2026-05-13T18:19:06.934977+00:00,PCT,BUY,300,9.77,2931.0,False,Submitted,2068,,True,,1.0,2.0,0.2931,0.5862,0.8793000000000001
2026-05-13T18:19:06.934977+00:00,PDSB,SELL,2229,1.09,2429.61,False,Cancelled,2071,,True,,1.0,2.0,0.242961,0.485922,0.7288830000000001
2026-05-13T18:19:06.934977+00:00,PENG,BUY,392,44.14,17302.88,False,Submitted,2074,,True,,1.0,2.0,1.730288,3.460576,5.190864
2026-05-13T18:19:06.934977+00:00,PEPG,SELL,283,1.67,472.61,False,Filled,2077,,True,,1.0,2.0,0.047261000000000004,0.09452200000000001,0.14178300000000002
2026-05-13T18:19:06.934977+00:00,PFIS,SELL,8,57.44,459.52,False,Submitted,2080,,True,,1.0,2.0,0.045952,0.091904,0.137856
2026-05-13T18:19:06.934977+00:00,PFX,SELL,11,40.56,446.16,False,Submitted,2083,,True,,1.0,2.0,0.044616,0.089232,0.13384800000000002
2026-05-13T18:19:06.934977+00:00,PHVS,SELL,78,31.24,2436.72,False,Filled,2086,,True,,1.0,2.0,0.24367199999999997,0.48734399999999994,0.7310159999999999
2026-05-13T18:19:06.934977+00:00,PICS,BUY,200,12.26,2452.0,False,Filled,2089,,True,,1.0,2.0,0.2452,0.4904,0.7356
2026-05-13T18:19:06.934977+00:00,PLAB,BUY,9,52.0,468.0,False,Submitted,2092,,True,,1.0,2.0,0.0468,0.0936,0.1404
2026-05-13T18:19:06.934977+00:00,PLPC,BUY,8,344.31,2754.48,False,Submitted,2095,,True,,1.0,2.0,0.275448,0.550896,0.8263440000000001
2026-05-13T18:19:06.934977+00:00,PLSE,SELL,20,23.29,465.8,False,Filled,2098,,True,,1.0,2.0,0.04658,0.09316,0.13974
2026-05-13T18:19:06.934977+00:00,PLUG,SELL,688,3.55,2442.4,False,Cancelled,2101,,True,,1.0,2.0,0.24424,0.48848,0.73272
2026-05-13T18:19:06.934977+00:00,PMAX,SELL,1126,2.59,2916.34,False,Cancelled,2104,,True,,1.0,2.0,0.291634,0.583268,0.8749020000000001
2026-05-13T18:19:06.934977+00:00,PMTR,SELL,237,10.3,2441.1000000000004,False,Filled,2107,,True,,1.0,2.0,0.24411000000000005,0.4882200000000001,0.7323300000000001
2026-05-13T18:19:06.934977+00:00,PNTG,BUY,69,35.43,2444.67,False,Submitted,2110,,True,,1.0,2.0,0.24446700000000002,0.48893400000000004,0.7334010000000001
2026-05-13T18:19:06.934977+00:00,POET,SELL,178,13.72,2442.1600000000003,False,Filled,2113,,True,,1.0,2.0,0.24421600000000004,0.4884320000000001,0.7326480000000002
2026-05-13T18:19:06.934977+00:00,POLE,SELL,44,10.7,470.8,False,Filled,2116,,True,,1.0,2.0,0.047080000000000004,0.09416000000000001,0.14124
2026-05-13T18:19:06.934977+00:00,POWL,BUY,9,308.12,2773.08,False,Filled,2119,,True,,1.0,2.0,0.277308,0.554616,0.831924
2026-05-13T18:19:06.934977+00:00,PPTA,BUY,15,31.09,466.35,False,Submitted,2122,,True,,1.0,2.0,0.046635,0.09327,0.139905
2026-05-13T18:19:06.934977+00:00,PRSO,SELL,2829,1.03,2913.87,False,Submitted,2125,,True,,1.0,2.0,0.291387,0.582774,0.874161
2026-05-13T18:19:06.934977+00:00,PRTA,SELL,310,9.42,2920.2,False,Filled,2128,,True,,1.0,2.0,0.29202,0.58404,0.8760600000000001
2026-05-13T18:19:06.934977+00:00,PSEC,SELL,202,2.34,472.68,False,Submitted,2131,,True,,1.0,2.0,0.047268,0.094536,0.14180399999999999
2026-05-13T18:19:06.934977+00:00,PTON,BUY,454,5.4,2451.6000000000004,False,Filled,2134,,True,,1.0,2.0,0.24516000000000004,0.4903200000000001,0.7354800000000001
2026-05-13T18:19:06.934977+00:00,PYXS,BUY,183,2.61,477.63,False,Filled,2137,,True,,1.0,2.0,0.047763,0.095526,0.143289
2026-05-13T18:19:06.934977+00:00,QCOM,BUY,2,210.36,420.72,False,Submitted,2140,,True,,1.0,2.0,0.042072000000000005,0.08414400000000001,0.12621600000000002
2026-05-13T18:19:06.934977+00:00,QDEL,BUY,177,11.13,1970.01,False,Submitted,2143,,True,,1.0,2.0,0.197001,0.394002,0.5910030000000001
2026-05-13T18:19:06.934977+00:00,QMCO,BUY,53,8.95,474.35,False,Filled,2146,,True,,1.0,2.0,0.047435000000000005,0.09487000000000001,0.14230500000000001
2026-05-13T18:19:06.934977+00:00,QTRX,SELL,1006,2.9,2917.4,False,Filled,2149,,True,,1.0,2.0,0.29174,0.58348,0.87522
2026-05-13T18:19:06.934977+00:00,QURE,BUY,84,29.11,2445.24,False,Filled,2152,,True,,1.0,2.0,0.244524,0.489048,0.733572
2026-05-13T18:19:06.934977+00:00,RAIL,BUY,60,7.93,475.8,False,Submitted,2155,,True,,1.0,2.0,0.047580000000000004,0.09516000000000001,0.14274
2026-05-13T18:19:06.934977+00:00,RANG,SELL,44,10.6,466.4,False,Submitted,2158,,True,,1.0,2.0,0.04664,0.09328,0.13992
2026-05-13T18:19:06.934977+00:00,RBKB,SELL,29,16.14,468.06,False,Submitted,2161,,True,,1.0,2.0,0.046806,0.093612,0.140418
2026-05-13T18:19:06.934977+00:00,RCAT,BUY,43,11.04,474.72,False,Cancelled,2164,,True,,1.0,2.0,0.047472,0.094944,0.142416
2026-05-13T18:19:06.934977+00:00,RDNT,SELL,8,55.98,447.84,False,Submitted,2167,,True,,1.0,2.0,0.044784,0.089568,0.134352
2026-05-13T18:19:06.934977+00:00,RDVT,BUY,51,47.3,2412.3,False,Filled,2170,,True,,1.0,2.0,0.24123000000000003,0.48246000000000006,0.72369
2026-05-13T18:19:06.934977+00:00,RDZN,SELL,1673,1.74,2911.02,False,Filled,2173,,True,,1.0,2.0,0.29110199999999997,0.5822039999999999,0.8733059999999999
2026-05-13T18:19:06.934977+00:00,RFIL,BUY,28,16.61,465.08,False,Submitted,2176,,True,,1.0,2.0,0.046508,0.093016,0.139524
2026-05-13T18:19:06.934977+00:00,RGC,BUY,93,26.36,2451.48,False,Submitted,2179,,True,,1.0,2.0,0.245148,0.490296,0.735444
2026-05-13T18:19:06.934977+00:00,RGEN,BUY,21,113.63,2386.23,False,Cancelled,2182,,True,,1.0,2.0,0.238623,0.477246,0.715869
2026-05-13T18:19:06.934977+00:00,RGTI,BUY,24,19.08,457.92,False,Filled,2185,,True,,1.0,2.0,0.045792,0.091584,0.137376
2026-05-13T18:19:06.934977+00:00,RIGL,SELL,16,29.36,469.76,False,Cancelled,2188,,True,,1.0,2.0,0.046976,0.093952,0.140928
2026-05-13T18:19:06.934977+00:00,RILY,BUY,54,8.72,470.88000000000005,False,Filled,2191,,True,,1.0,2.0,0.047088000000000005,0.09417600000000001,0.141264
2026-05-13T18:19:06.934977+00:00,RIME,SELL,626,0.7599,475.6974,False,Submitted,2194,,True,,1.0,2.0,0.04756974,0.09513948,0.14270922
2026-05-13T18:19:06.934977+00:00,RIOT,BUY,19,24.52,465.88,False,Submitted,2197,,True,,1.0,2.0,0.046588,0.093176,0.139764
2026-05-13T18:19:06.934977+00:00,RKLB,BUY,4,117.59,470.36,False,Submitted,2200,,True,,1.0,2.0,0.047036,0.094072,0.141108
2026-05-13T18:19:06.934977+00:00,RLAY,BUY,226,12.94,2924.44,False,Submitted,2203,,True,,1.0,2.0,0.292444,0.584888,0.877332
2026-05-13T18:19:06.934977+00:00,RMBS,BUY,18,130.31,2345.58,False,Submitted,2206,,True,,1.0,2.0,0.234558,0.469116,0.7036739999999999
2026-05-13T18:19:06.934977+00:00,ROOT,BUY,41,59.26,2429.66,False,Filled,2209,,True,,1.0,2.0,0.242966,0.485932,0.7288979999999999
2026-05-13T18:19:06.934977+00:00,RPGL,SELL,6578,0.445,2927.21,False,Inactive,2212,,True,,1.0,2.0,0.292721,0.585442,0.878163
2026-05-13T18:19:06.934977+00:00,RR,BUY,185,2.58,477.3,False,Submitted,2215,,True,,1.0,2.0,0.04773,0.09546,0.14319
2026-05-13T18:19:06.934977+00:00,RUM,BUY,60,7.93,475.8,False,Submitted,2218,,True,,1.0,2.0,0.047580000000000004,0.09516000000000001,0.14274
2026-05-13T18:19:06.934977+00:00,RWAY,SELL,439,6.65,2919.3500000000004,False,Submitted,2221,,True,,1.0,2.0,0.29193500000000006,0.5838700000000001,0.8758050000000002
2026-05-13T18:19:06.934977+00:00,RXT,SELL,75,6.32,474.0,False,Submitted,2224,,True,,1.0,2.0,0.0474,0.0948,0.1422
2026-05-13T18:19:06.934977+00:00,RZLT,SELL,144,3.29,473.76,False,Submitted,2227,,True,,1.0,2.0,0.047376,0.094752,0.142128
2026-05-13T18:19:06.934977+00:00,RZLV,SELL,872,2.8,2441.6,False,PreSubmitted,2230,,True,,1.0,2.0,0.24416,0.48832,0.73248
2026-05-13T18:19:06.934977+00:00,SABR,BUY,1600,1.84,2944.0,False,Filled,2233,,True,,1.0,2.0,0.2944,0.5888,0.8832
2026-05-13T18:19:06.934977+00:00,SAFX,SELL,1173,0.4055,475.65150000000006,False,Submitted,2236,,True,,1.0,2.0,0.04756515000000001,0.09513030000000001,0.14269545000000003
2026-05-13T18:19:06.934977+00:00,SAIA,BUY,5,435.07,2175.35,False,Filled,2239,,True,,1.0,2.0,0.21753499999999998,0.43506999999999996,0.6526049999999999
2026-05-13T18:19:06.934977+00:00,SANM,BUY,12,235.89,2830.68,False,Submitted,2242,,True,,1.0,2.0,0.283068,0.566136,0.849204
2026-05-13T18:19:06.934977+00:00,SATL,SELL,324,7.54,2442.96,False,Filled,2245,,True,,1.0,2.0,0.244296,0.488592,0.732888
2026-05-13T18:19:06.934977+00:00,SCVL,BUY,179,16.31,2919.49,False,Filled,2248,,True,,1.0,2.0,0.29194899999999996,0.5838979999999999,0.8758469999999998
2026-05-13T18:19:06.934977+00:00,SEGG,SELL,1789,1.36,2433.04,False,Submitted,2251,,True,,1.0,2.0,0.243304,0.486608,0.729912
2026-05-13T18:19:06.934977+00:00,SENS,SELL,425,5.75,2443.75,False,Submitted,2254,,True,,1.0,2.0,0.244375,0.48875,0.733125
2026-05-13T18:19:06.934977+00:00,SEPN,BUY,98,24.85,2435.3,False,Submitted,2257,,True,,1.0,2.0,0.24353000000000002,0.48706000000000005,0.7305900000000001
2026-05-13T18:19:06.934977+00:00,SERV,BUY,54,8.77,473.58,False,Submitted,2260,,True,,1.0,2.0,0.047358,0.094716,0.14207399999999998
2026-05-13T18:19:06.934977+00:00,SEZL,BUY,29,99.65,2889.8500000000004,False,Submitted,2263,,True,,1.0,2.0,0.28898500000000005,0.5779700000000001,0.8669550000000001
2026-05-13T18:19:06.934977+00:00,SFIX,BUY,912,3.22,2936.6400000000003,False,Filled,2266,,True,,1.0,2.0,0.29366400000000004,0.5873280000000001,0.8809920000000001
2026-05-13T18:19:06.934977+00:00,SGHT,BUY,96,4.94,474.24,False,Filled,2269,,True,,1.0,2.0,0.047424,0.094848,0.142272
2026-05-13T18:19:06.934977+00:00,SGML,BUY,117,20.89,2444.13,False,Filled,2272,,True,,1.0,2.0,0.24441300000000002,0.48882600000000004,0.7332390000000001
2026-05-13T18:19:06.934977+00:00,SHAZ,BUY,9,52.12,469.08,False,Submitted,2275,,True,,1.0,2.0,0.046908,0.093816,0.140724
2026-05-13T18:19:06.934977+00:00,SHC,SELL,30,15.62,468.6,False,Submitted,2278,,True,,1.0,2.0,0.04686,0.09372,0.14057999999999998
2026-05-13T18:19:06.934977+00:00,SHLS,BUY,55,8.64,475.2000000000001,False,Submitted,2281,,True,,1.0,2.0,0.047520000000000014,0.09504000000000003,0.14256000000000005
2026-05-13T18:19:06.934977+00:00,SHOO,BUY,63,38.56,2429.28,False,Submitted,2284,,True,,1.0,2.0,0.24292800000000003,0.48585600000000007,0.7287840000000001
2026-05-13T18:19:06.934977+00:00,SIBN,SELL,34,13.89,472.26,False,Filled,2287,,True,,1.0,2.0,0.047226,0.094452,0.141678
2026-05-13T18:19:06.934977+00:00,SION,BUY,11,40.95,450.4500000000001,False,Submitted,2290,,True,,1.0,2.0,0.04504500000000001,0.09009000000000002,0.13513500000000003
2026-05-13T18:19:06.934977+00:00,SITM,BUY,24,847.36,20336.64,False,Submitted,2293,,True,,1.0,2.0,2.033664,4.067328,6.100992
2026-05-13T18:19:06.934977+00:00,SKBL,SELL,836,3.49,2917.6400000000003,False,Inactive,2296,,True,,1.0,2.0,0.291764,0.583528,0.8752920000000001
2026-05-13T18:19:06.934977+00:00,SKIN,SELL,3745,0.6545,2451.1025,False,Filled,2299,,True,,1.0,2.0,0.24511025,0.4902205,0.73533075
2026-05-13T18:19:06.934977+00:00,SLGL,BUY,7,67.23,470.61,False,Submitted,2302,,True,,1.0,2.0,0.047061,0.094122,0.141183
2026-05-13T18:19:06.934977+00:00,SLNH,SELL,267,1.77,472.59,False,Cancelled,2305,,True,,1.0,2.0,0.047258999999999995,0.09451799999999999,0.141777
2026-05-13T18:19:06.934977+00:00,SLNO,SELL,55,52.91,2910.05,False,Filled,2308,,True,,1.0,2.0,0.291005,0.58201,0.8730150000000001
2026-05-13T18:19:06.934977+00:00,SMTC,BUY,3,132.11,396.33,False,Submitted,2311,,True,,1.0,2.0,0.039633,0.079266,0.118899
2026-05-13T18:19:06.934977+00:00,SMX,SELL,320,9.14,2924.8,False,Inactive,2314,,True,,1.0,2.0,0.29248,0.58496,0.87744
2026-05-13T18:19:06.934977+00:00,SNCY,BUY,151,16.18,2443.18,False,Submitted,2317,,True,,1.0,2.0,0.24431799999999998,0.48863599999999996,0.7329539999999999
2026-05-13T18:19:06.934977+00:00,SNDK,BUY,2,1452.32,2904.64,False,Filled,2320,,True,,1.0,2.0,0.290464,0.580928,0.8713919999999999
2026-05-13T18:19:06.934977+00:00,SNEX,BUY,20,116.84,2336.8,False,Filled,2323,,True,,1.0,2.0,0.23368000000000003,0.46736000000000005,0.7010400000000001
2026-05-13T18:19:06.934977+00:00,SOBR,SELL,1591,1.83,2911.53,False,Filled,2326,,True,,1.0,2.0,0.291153,0.582306,0.873459
2026-05-13T18:19:06.934977+00:00,SOLS,SELL,28,87.3,2444.4,False,Filled,2329,,True,,1.0,2.0,0.24444000000000002,0.48888000000000004,0.7333200000000001
2026-05-13T18:19:06.934977+00:00,SPPL,SELL,882,2.77,2443.14,False,Submitted,2332,,True,,1.0,2.0,0.24431399999999998,0.48862799999999995,0.732942
2026-05-13T18:19:06.934977+00:00,SPT,BUY,374,6.56,2453.44,False,Filled,2335,,True,,1.0,2.0,0.245344,0.490688,0.736032
2026-05-13T18:19:06.934977+00:00,SRRK,SELL,9,49.18,442.62,False,Filled,2338,,True,,1.0,2.0,0.044262,0.088524,0.13278600000000002
2026-05-13T18:19:06.934977+00:00,SRZN,SELL,15,30.65,459.75,False,Submitted,2341,,True,,1.0,2.0,0.045975,0.09195,0.13792500000000002
2026-05-13T18:19:06.934977+00:00,STAK,SELL,234,2.02,472.68,False,PreSubmitted,2344,,True,,1.0,2.0,0.047268,0.094536,0.14180399999999999
2026-05-13T18:19:06.934977+00:00,STEX,SELL,2730,0.8977,2450.721,False,Submitted,2347,,True,,1.0,2.0,0.2450721,0.4901442,0.7352162999999999
2026-05-13T18:19:06.934977+00:00,STFS,SELL,47,9.99,469.53,False,Inactive,2350,,True,,1.0,2.0,0.046952999999999995,0.09390599999999999,0.14085899999999998
2026-05-13T18:19:06.934977+00:00,STKE,BUY,226,2.11,476.86,False,Filled,2353,,True,,1.0,2.0,0.047686,0.095372,0.143058
2026-05-13T18:19:06.934977+00:00,STOK,BUY,90,32.5,2925.0,False,Filled,2356,,True,,1.0,2.0,0.2925,0.585,0.8775
2026-05-13T18:19:06.934977+00:00,STRL,BUY,2,851.53,1703.06,False,Submitted,2359,,True,,1.0,2.0,0.17030599999999999,0.34061199999999997,0.510918
2026-05-13T18:19:06.934977+00:00,STRT,SELL,39,62.74,2446.86,False,Submitted,2362,,True,,1.0,2.0,0.24468600000000001,0.48937200000000003,0.7340580000000001
2026-05-13T18:19:06.934977+00:00,STRZ,BUY,23,20.36,468.28,False,Filled,2365,,True,,1.0,2.0,0.046827999999999995,0.09365599999999999,0.140484
2026-05-13T18:19:06.934977+00:00,STTK,BUY,442,6.63,2930.46,False,Submitted,2368,,True,,1.0,2.0,0.29304600000000003,0.5860920000000001,0.8791380000000001
2026-05-13T18:19:06.934977+00:00,SUIG,SELL,1270,1.92,2438.4,False,Submitted,2371,,True,,1.0,2.0,0.24384,0.48768,0.73152
2026-05-13T18:19:06.934977+00:00,SWIM,BUY,95,5.02,476.9,False,Filled,2374,,True,,1.0,2.0,0.047689999999999996,0.09537999999999999,0.14306999999999997
2026-05-13T18:19:06.934977+00:00,SWMR,SELL,68,36.03,2450.04,False,Submitted,2377,,True,,1.0,2.0,0.245004,0.490008,0.735012
2026-05-13T18:19:06.934977+00:00,SYNA,BUY,24,119.62,2870.88,False,Submitted,2380,,True,,1.0,2.0,0.287088,0.574176,0.861264
2026-05-13T18:19:06.934977+00:00,TACT,SELL,141,3.36,473.76,False,Filled,2383,,True,,1.0,2.0,0.047376,0.094752,0.142128
2026-05-13T18:19:06.934977+00:00,TBLA,BUY,92,5.17,475.64,False,Filled,2386,,True,,1.0,2.0,0.047563999999999995,0.09512799999999999,0.14269199999999999
2026-05-13T18:19:06.934977+00:00,TCMD,BUY,104,23.54,2448.16,False,Filled,2389,,True,,1.0,2.0,0.24481599999999998,0.48963199999999996,0.734448
2026-05-13T18:19:06.934977+00:00,TDIC,SELL,201,2.35,472.35,False,Inactive,2392,,True,,1.0,2.0,0.047235,0.09447,0.141705
2026-05-13T18:19:06.934977+00:00,TENB,BUY,116,21.02,2438.32,False,Filled,2395,,True,,1.0,2.0,0.24383200000000002,0.48766400000000004,0.731496
2026-05-13T18:19:06.934977+00:00,TFSL,SELL,31,14.98,464.38,False,Submitted,2398,,True,,1.0,2.0,0.046438,0.092876,0.139314
2026-05-13T18:19:06.934977+00:00,TH,SELL,140,17.47,2445.8,False,Filled,2401,,True,,1.0,2.0,0.24458000000000002,0.48916000000000004,0.7337400000000001
2026-05-13T18:19:06.934977+00:00,TIGO,SELL,5,80.11,400.55,False,Filled,2404,,True,,1.0,2.0,0.040055,0.08011,0.120165
2026-05-13T18:19:06.934977+00:00,TILE,BUY,104,28.14,2926.56,False,Filled,2407,,True,,1.0,2.0,0.29265599999999997,0.5853119999999999,0.8779679999999999
2026-05-13T18:19:06.934977+00:00,TJGC,SELL,1456,2.0,2912.0,False,Inactive,2410,,True,,1.0,2.0,0.2912,0.5824,0.8736
2026-05-13T18:19:06.934977+00:00,TLIH,SELL,131,3.62,474.22,False,Submitted,2413,,True,,1.0,2.0,0.047422000000000006,0.09484400000000001,0.142266
2026-05-13T18:19:06.934977+00:00,TLS,BUY,561,4.38,2457.18,False,Filled,2416,,True,,1.0,2.0,0.245718,0.491436,0.737154
2026-05-13T18:19:06.934977+00:00,TMCI,SELL,207,2.29,474.03,False,Filled,2419,,True,,1.0,2.0,0.047403,0.094806,0.142209
2026-05-13T18:19:06.934977+00:00,TNGX,BUY,124,23.51,2915.24,False,Submitted,2422,,True,,1.0,2.0,0.291524,0.583048,0.874572
2026-05-13T18:19:06.934977+00:00,TONX,BUY,706,3.48,2456.88,False,Submitted,2425,,True,,1.0,2.0,0.24568800000000002,0.49137600000000003,0.737064
2026-05-13T18:19:06.934977+00:00,TOWN,SELL,13,34.2,444.6,False,Submitted,2428,,True,,1.0,2.0,0.04446,0.08892,0.13338
2026-05-13T18:19:06.934977+00:00,TOYO,SELL,165,11.93,1968.45,False,Submitted,2431,,True,,1.0,2.0,0.196845,0.39369,0.590535
2026-05-13T18:19:06.934977+00:00,TPG,BUY,55,44.04,2422.2,False,Filled,2434,,True,,1.0,2.0,0.24222,0.48444,0.72666
2026-05-13T18:19:06.934977+00:00,TRAW,BUY,283,1.69,478.27,False,Submitted,2437,,True,,1.0,2.0,0.047827,0.095654,0.143481
2026-05-13T18:19:06.934977+00:00,TRDA,SELL,411,7.11,2922.21,False,Submitted,2440,,True,,1.0,2.0,0.292221,0.584442,0.876663
2026-05-13T18:19:06.934977+00:00,TROO,BUY,115,4.15,477.25000000000006,False,Inactive,2443,,True,,1.0,2.0,0.047725000000000004,0.09545000000000001,0.143175
2026-05-13T18:19:06.934977+00:00,TRUP,BUY,123,23.79,2926.17,False,Filled,2446,,True,,1.0,2.0,0.292617,0.585234,0.877851
2026-05-13T18:19:06.934977+00:00,TSHA,BUY,427,6.86,2929.2200000000003,False,Filled,2449,,True,,1.0,2.0,0.292922,0.585844,0.878766
2026-05-13T18:19:06.934977+00:00,TSLA,BUY,1,433.54,433.54,False,Submitted,2452,,True,,1.0,2.0,0.043354000000000004,0.08670800000000001,0.130062
2026-05-13T18:19:06.934977+00:00,TTEC,BUY,1200,2.45,2940.0,False,Submitted,2455,,True,,1.0,2.0,0.294,0.588,0.8819999999999999
2026-05-13T18:19:06.934977+00:00,TTMI,BUY,17,163.4,2777.8,False,Submitted,2458,,True,,1.0,2.0,0.27778,0.55556,0.8333400000000001
2026-05-13T18:19:06.934977+00:00,TUSK,SELL,834,2.93,2443.6200000000003,False,Cancelled,2461,,True,,1.0,2.0,0.24436200000000002,0.48872400000000005,0.7330860000000001
2026-05-13T18:19:06.934977+00:00,TZOO,BUY,326,8.98,2927.48,False,Submitted,2464,,True,,1.0,2.0,0.292748,0.585496,0.878244
2026-05-13T18:19:06.934977+00:00,UAL,BUY,25,95.86,2396.5,False,Filled,2467,,True,,1.0,2.0,0.23965,0.4793,0.71895
2026-05-13T18:19:06.934977+00:00,UBXG,SELL,2238,0.2127,476.0226,False,Submitted,2470,,True,,1.0,2.0,0.04760226,0.09520452,0.14280678
2026-05-13T18:19:06.934977+00:00,UCTT,BUY,29,83.01,2407.29,False,Submitted,2473,,True,,1.0,2.0,0.240729,0.481458,0.722187
2026-05-13T18:19:06.934977+00:00,UFPT,BUY,11,220.64,2427.04,False,Filled,2476,,True,,1.0,2.0,0.242704,0.485408,0.728112
2026-05-13T18:19:06.934977+00:00,UGRO,SELL,413,5.92,2444.96,False,Submitted,2479,,True,,1.0,2.0,0.244496,0.488992,0.7334879999999999
2026-05-13T18:19:06.934977+00:00,ULCC,BUY,620,4.73,2932.6000000000004,False,Filled,2482,,True,,1.0,2.0,0.29326,0.58652,0.87978
2026-05-13T18:19:06.934977+00:00,UNB,SELL,20,23.42,468.4,False,Submitted,2485,,True,,1.0,2.0,0.04684,0.09368,0.14052
2026-05-13T18:19:06.934977+00:00,URBN,BUY,36,67.03,2413.08,False,Filled,2488,,True,,1.0,2.0,0.241308,0.482616,0.723924
2026-05-13T18:19:06.934977+00:00,URGN,BUY,15,29.81,447.15,False,Submitted,2491,,True,,1.0,2.0,0.044715,0.08943,0.134145
2026-05-13T18:19:06.934977+00:00,USAR,BUY,114,25.56,2913.84,False,Submitted,2494,,True,,1.0,2.0,0.29138400000000003,0.5827680000000001,0.874152
2026-05-13T18:19:06.934977+00:00,VC,BUY,4,114.73,458.92,False,Submitted,2497,,True,,1.0,2.0,0.045892,0.091784,0.13767600000000002
2026-05-13T18:19:06.934977+00:00,VEEE,SELL,373,7.83,2920.59,False,PreSubmitted,2500,,True,,1.0,2.0,0.292059,0.584118,0.876177
2026-05-13T18:19:06.934977+00:00,VHCP,SELL,246,9.93,2442.78,False,Filled,2503,,True,,1.0,2.0,0.24427800000000002,0.48855600000000005,0.7328340000000001
2026-05-13T18:19:06.934977+00:00,VIAV,BUY,8,53.42,427.36,False,Submitted,2506,,True,,1.0,2.0,0.042736,0.085472,0.12820800000000002
2026-05-13T18:19:06.934977+00:00,VICR,BUY,1,292.59,292.59,False,Submitted,2509,,True,,1.0,2.0,0.029258999999999997,0.058517999999999994,0.087777
2026-05-13T18:19:06.934977+00:00,VISN,SELL,248,11.76,2916.48,False,Submitted,2512,,True,,1.0,2.0,0.291648,0.583296,0.874944
2026-05-13T18:19:06.934977+00:00,VNCE,BUY,565,4.35,2457.75,False,Submitted,2515,,True,,1.0,2.0,0.245775,0.49155,0.737325
2026-05-13T18:19:06.934977+00:00,VRAX,BUY,16922,0.1449,2451.9978,False,Submitted,2518,,True,,1.0,2.0,0.24519978,0.49039956,0.73559934
2026-05-13T18:19:06.934977+00:00,VREX,SELL,296,9.86,2918.56,False,Filled,2521,,True,,1.0,2.0,0.291856,0.583712,0.875568
2026-05-13T18:19:06.934977+00:00,VSAT,BUY,41,71.01,2911.4100000000003,False,Submitted,2524,,True,,1.0,2.0,0.29114100000000004,0.5822820000000001,0.8734230000000001
2026-05-13T18:19:06.934977+00:00,VSEC,BUY,13,182.17,2368.21,False,Filled,2527,,True,,1.0,2.0,0.236821,0.473642,0.7104630000000001
2026-05-13T18:19:06.934977+00:00,VTGN,SELL,765,0.6215,475.4475000000001,False,Submitted,2530,,True,,1.0,2.0,0.04754475000000001,0.09508950000000002,0.14263425000000002
2026-05-13T18:19:06.934977+00:00,VTSI,SELL,136,3.47,471.92,False,Submitted,2533,,True,,1.0,2.0,0.047192000000000005,0.09438400000000001,0.141576
2026-05-13T18:19:06.934977+00:00,WATT,BUY,94,25.87,2431.78,False,Filled,2536,,True,,1.0,2.0,0.24317800000000003,0.48635600000000007,0.7295340000000001
2026-05-13T18:19:06.934977+00:00,WAY,BUY,151,19.4,2929.4,False,Filled,2539,,True,,1.0,2.0,0.29294000000000003,0.5858800000000001,0.8788200000000002
2026-05-13T18:19:06.934977+00:00,WDC,BUY,5,488.84,2444.2,False,Submitted,2542,,True,,1.0,2.0,0.24441999999999997,0.48883999999999994,0.7332599999999999
2026-05-13T18:19:06.934977+00:00,WEN,SELL,60,7.89,473.4,False,Filled,2545,,True,,1.0,2.0,0.04734,0.09468,0.14202
2026-05-13T18:19:06.934977+00:00,WFCF,SELL,190,12.84,2439.6,False,Submitted,2548,,True,,1.0,2.0,0.24395999999999998,0.48791999999999996,0.73188
2026-05-13T18:19:06.934977+00:00,WGS,SELL,62,39.48,2447.76,False,Submitted,2551,,True,,1.0,2.0,0.24477600000000002,0.48955200000000004,0.7343280000000001
2026-05-13T18:19:06.934977+00:00,WINA,BUY,8,360.44,2883.52,False,Cancelled,2554,,True,,1.0,2.0,0.288352,0.576704,0.865056
2026-05-13T18:19:06.934977+00:00,WING,BUY,23,123.76,2846.48,False,Cancelled,2557,,True,,1.0,2.0,0.284648,0.569296,0.853944
2026-05-13T18:19:06.934977+00:00,WIX,BUY,6,75.9,455.4,False,Cancelled,2560,,True,,1.0,2.0,0.04554,0.09108,0.13662
2026-05-13T18:19:06.934977+00:00,WLDN,SELL,26,92.95,2416.7000000000003,False,Submitted,2563,,True,,1.0,2.0,0.24167000000000002,0.48334000000000005,0.72501
2026-05-13T18:19:06.934977+00:00,WOK,SELL,439,6.65,2919.3500000000004,False,Inactive,2566,,True,,1.0,2.0,0.29193500000000006,0.5838700000000001,0.8758050000000002
2026-05-13T18:19:06.934977+00:00,WOOF,BUY,969,2.54,2461.26,False,Submitted,2569,,True,,1.0,2.0,0.246126,0.492252,0.738378
2026-05-13T18:19:06.934977+00:00,WTF,SELL,680,4.29,2917.2,False,Submitted,2572,,True,,1.0,2.0,0.29172,0.58344,0.8751599999999999
2026-05-13T18:19:06.934977+00:00,WULF,BUY,128,22.81,2919.68,False,Submitted,2575,,True,,1.0,2.0,0.291968,0.583936,0.875904
2026-05-13T18:19:06.934977+00:00,WVE,SELL,361,6.78,2447.58,False,Filled,2578,,True,,1.0,2.0,0.244758,0.489516,0.734274
2026-05-13T18:19:06.934977+00:00,WYFI,SELL,93,26.08,2425.44,False,Submitted,2581,,True,,1.0,2.0,0.242544,0.485088,0.7276320000000001
2026-05-13T18:19:06.934977+00:00,XE,BUY,15,31.75,476.25,False,Cancelled,2584,,True,,1.0,2.0,0.047625,0.09525,0.142875
2026-05-13T18:19:06.934977+00:00,XEL,SELL,5,79.88,399.4,False,Filled,2587,,True,,1.0,2.0,0.039939999999999996,0.07987999999999999,0.11981999999999998
2026-05-13T18:19:06.934977+00:00,XGN,SELL,660,3.7,2442.0,False,Submitted,2590,,True,,1.0,2.0,0.2442,0.4884,0.7326
2026-05-13T18:19:06.934977+00:00,XMTR,BUY,34,83.94,2853.96,False,Submitted,2593,,True,,1.0,2.0,0.285396,0.570792,0.856188
2026-05-13T18:19:06.934977+00:00,XNDU,SELL,206,14.14,2912.84,False,Filled,2596,,True,,1.0,2.0,0.291284,0.582568,0.873852
2026-05-13T18:19:06.934977+00:00,XOS,SELL,247,1.91,471.77,False,Filled,2599,,True,,1.0,2.0,0.047177,0.094354,0.141531
2026-05-13T18:19:06.934977+00:00,XWIN,SELL,289,8.45,2442.05,False,Inactive,2602,,True,,1.0,2.0,0.244205,0.48841,0.732615
2026-05-13T18:19:06.934977+00:00,YMAT,SELL,5694,0.5141,2927.2854,False,Inactive,2605,,True,,1.0,2.0,0.29272854000000004,0.5854570800000001,0.8781856200000001
2026-05-13T18:19:06.934977+00:00,ZSQR,SELL,241,12.13,2923.3300000000004,False,Submitted,2608,,True,,1.0,2.0,0.29233300000000007,0.5846660000000001,0.8769990000000002
2026-05-13T18:19:06.934977+00:00,ZUMZ,BUY,107,22.89,2449.23,False,Submitted,2611,,True,,1.0,2.0,0.244923,0.489846,0.734769
