timestamp,ticker,side,quantity,limit_price,dry_run,paper_trading
2026-05-12T15:42:41.408444,AAON,BUY,144,141.6683,True,True
2026-05-12T15:42:41.408444,ABAT,BUY,6198,3.3114,True,True
2026-05-12T15:43:30.216887,AAON,BUY,144,141.6683,False,True
2026-05-12T15:43:30.216887,ABAT,BUY,6198,3.3114,False,True
2026-05-12T15:46:04.587938,AAON,BUY,144,141.6683,False,True
2026-05-12T15:46:04.587938,ABAT,BUY,6198,3.3114,False,True
2026-05-12T15:47:39.058353,AAON,BUY,144,141.6683,False,True
2026-05-12T15:47:39.058353,ABAT,BUY,6198,3.3114,False,True
2026-05-12T15:48:58.446223,AAON,BUY,144,141.6683,False,True
2026-05-12T15:48:58.446223,ABAT,BUY,6198,3.3114,False,True
2026-05-12T15:51:42.411403,AAON,BUY,161,127.4755,True,True
2026-05-12T15:51:42.411403,ABAT,BUY,6237,3.2907,True,True
2026-05-12T15:53:01.609803,AAON,BUY,159,128.5957,False,True
2026-05-12T15:53:01.609803,ABAT,BUY,6247,3.2857,False,True
2026-05-12T15:55:04.644418,AAON,BUY,158,129.7359,False,True
2026-05-12T15:55:04.644418,ABAT,BUY,6239,3.2895,False,True
2026-05-12T15:57:06.978854,AAON,SELL,14,141.6117,False,True
2026-05-12T15:57:06.978854,ABAT,BUY,6196,3.3114,False,True
2026-05-12T16:49:55.306320,AAOI,BUY,115,177.4055,False,True
2026-05-12T16:49:55.306320,AAON,SELL,158,128.6643,False,True
2026-05-12T16:49:55.306320,ABAT,SELL,6198,3.2044,False,True
2026-05-12T16:49:55.306320,ABNB,SELL,151,135.093,False,True
2026-05-12T16:49:55.306320,ADTX,SELL,15320,0.0984,False,True
2026-05-12T17:01:24.686746,AAOI,BUY,2,174.9686,False,True
2026-05-12T17:01:24.686746,AAON,SELL,158,128.3543,False,True
2026-05-12T17:01:24.686746,ABAT,SELL,6198,3.1494,False,True
2026-05-12T17:01:24.686746,ADTX,SELL,15320,0.0974,False,True
2026-05-12T17:01:24.686746,AIRJ,SELL,425,3.5943,False,True
2026-05-12T17:01:24.686746,AIRS,SELL,387,3.9992,False,True
2026-05-12T18:10:16.062087,AIRS,SELL,253,3.9492,False,True
2026-05-12T18:10:16.062087,ALGM,SELL,221,44.4111,False,True
2026-05-12T18:10:16.062087,BWEN,SELL,3041,3.2293,False,True
2026-05-12T18:10:16.062087,CSGP,SELL,301,32.5785,False,True
2026-05-12T18:10:16.062087,FIGR,BUY,348,38.4477,False,True
2026-05-12T18:10:16.062087,FLNC,SELL,454,21.6257,False,True
2026-05-12T18:10:16.062087,HNRG,SELL,499,19.6411,False,True
2026-05-12T18:10:16.062087,MNST,SELL,114,85.6529,False,True
2026-05-12T18:10:16.062087,MSFT,BUY,32,408.9719,False,True
2026-05-12T18:10:16.062087,OKTA,SELL,124,78.6593,False,True
2026-05-12T18:10:16.062087,PENG,SELL,234,41.8716,False,True
2026-05-12T18:10:16.062087,PSIX,SELL,260,37.6425,False,True
2026-05-12T18:10:16.062087,QUBT,BUY,1159,11.5463,False,True
2026-05-12T18:10:16.062087,RELY,SELL,406,24.1302,False,True
2026-05-12T18:10:16.062087,REPL,BUY,3361,3.9808,False,True
2026-05-12T18:10:16.062087,SITM,SELL,11,819.626,False,True
2026-05-12T18:10:16.062087,TDIC,SELL,4632,2.1197,False,True
2026-05-12T18:14:04.884126,AIRS,SELL,318,3.9492,False,True
2026-05-12T18:14:04.884126,ALGM,SELL,278,44.4111,False,True
2026-05-12T18:14:04.884126,BWEN,SELL,1334,3.2293,False,True
2026-05-12T18:14:04.884126,CSGP,SELL,379,32.5785,False,True
2026-05-12T18:14:04.884126,FIGR,BUY,438,38.4477,False,True
2026-05-12T18:14:04.884126,FLNC,SELL,199,21.6257,False,True
2026-05-12T18:14:04.884126,HNRG,SELL,629,19.6411,False,True
2026-05-12T18:14:04.884126,MNST,SELL,144,85.6529,False,True
2026-05-12T18:14:04.884126,MSFT,BUY,14,408.9719,False,True
2026-05-12T18:14:04.884126,OKTA,SELL,157,78.6593,False,True
2026-05-12T18:14:04.884126,PENG,SELL,103,41.8716,False,True
2026-05-12T18:14:04.884126,PSIX,SELL,328,37.6425,False,True
2026-05-12T18:14:04.884126,QUBT,BUY,1459,11.5463,False,True
2026-05-12T18:14:04.884126,RELY,SELL,512,24.1302,False,True
2026-05-12T18:14:04.884126,REPL,BUY,1475,3.9808,False,True
2026-05-12T18:14:04.884126,SITM,SELL,6,819.626,False,True
2026-05-12T18:14:04.884126,TDIC,SELL,5833,2.1197,False,True
2026-05-12T18:14:04.884126,TIGO,SELL,152,81.2837,False,True
2026-05-12T18:14:04.884126,WOK,SELL,2987,4.1392,False,True
2026-05-12T18:14:04.884126,ZBRA,BUY,68,246.6493,False,True
2026-05-12T18:20:09.728138,AIRS,BUY,268,3.9508,False,True
2026-05-12T18:20:09.728138,ALGM,SELL,180,44.4111,False,True
2026-05-12T18:20:09.728138,BWEN,SELL,32,3.2293,False,True
2026-05-12T18:20:09.728138,CDW,SELL,132,98.7302,False,True
2026-05-12T18:20:09.728138,CSGP,SELL,402,32.5785,False,True
2026-05-12T18:20:09.728138,FIGR,BUY,492,38.4477,False,True
2026-05-12T18:20:09.728138,FLNC,SELL,5,21.6257,False,True
2026-05-12T18:20:09.728138,HNRG,SELL,668,19.6411,False,True
2026-05-12T18:20:09.728138,MNST,SELL,153,85.6529,False,True
2026-05-12T18:20:09.728138,MSFT,BUY,3,408.9719,False,True
2026-05-12T18:20:09.728138,OKTA,SELL,166,78.6593,False,True
2026-05-12T18:20:09.728138,PSIX,SELL,348,37.6425,False,True
2026-05-12T18:20:09.728138,QUBT,BUY,1638,11.5463,False,True
2026-05-12T18:20:09.728138,RELY,SELL,543,24.1302,False,True
2026-05-12T18:20:09.728138,REPL,BUY,364,3.9808,False,True
2026-05-12T18:20:09.728138,SITM,SELL,5,819.626,False,True
2026-05-12T18:20:09.728138,TDIC,SELL,6191,2.1197,False,True
2026-05-12T18:20:09.728138,TIGO,SELL,161,81.2837,False,True
2026-05-12T18:20:09.728138,WOK,SELL,3170,4.1392,False,True
2026-05-12T18:20:09.728138,ZBRA,BUY,76,246.6493,False,True
2026-05-12T18:26:09.786429,AIRS,BUY,434,3.9508,False,True
2026-05-12T18:26:09.786429,ALGM,BUY,150,44.4289,False,True
2026-05-12T18:26:09.786429,BWEN,SELL,329,3.2293,False,True
2026-05-12T18:26:09.786429,CSGP,SELL,455,32.5785,False,True
2026-05-12T18:26:09.786429,FIGR,BUY,525,38.4477,False,True
2026-05-12T18:26:09.786429,FLNC,SELL,49,21.6257,False,True
2026-05-12T18:26:09.786429,HNRG,SELL,755,19.6411,False,True
2026-05-12T18:26:09.786429,MNST,BUY,225,85.6871,False,True
2026-05-12T18:26:09.786429,MSFT,BUY,1,408.9719,False,True
2026-05-12T18:26:09.786429,OKTA,SELL,188,78.6593,False,True
2026-05-12T18:26:09.786429,PENG,BUY,42,41.8884,False,True
2026-05-12T18:26:09.786429,PSIX,BUY,176,37.6575,False,True
2026-05-12T18:26:09.786429,QUBT,BUY,1750,11.5463,False,True
2026-05-12T18:26:09.786429,RELY,SELL,615,24.1302,False,True
2026-05-12T18:26:09.786429,REPL,SELL,43,3.9792,False,True
2026-05-12T18:26:09.786429,SITM,SELL,1,819.626,False,True
2026-05-12T18:26:09.786429,TDIC,SELL,7004,2.1197,False,True
2026-05-12T18:26:09.786429,TIGO,SELL,182,81.2837,False,True
2026-05-12T18:26:09.786429,WOK,SELL,3586,4.1392,False,True
2026-05-12T18:26:09.786429,ZBRA,BUY,81,246.6493,False,True
2026-05-12T18:32:04.951937,AIRS,SELL,891,3.9492,False,True
2026-05-12T18:32:04.951937,ALGM,BUY,149,44.4289,False,True
2026-05-12T18:32:04.951937,BWEN,SELL,162,3.2293,False,True
2026-05-12T18:32:04.951937,CDW,BUY,117,98.7698,False,True
2026-05-12T18:32:04.951937,CSGP,SELL,423,32.5785,False,True
2026-05-12T18:32:04.951937,FIGR,BUY,468,38.4477,False,True
2026-05-12T18:32:04.951937,FLNC,SELL,24,21.6257,False,True
2026-05-12T18:32:04.951937,HNRG,SELL,702,19.6411,False,True
2026-05-12T18:32:04.951937,OKTA,SELL,175,78.6593,False,True
2026-05-12T18:32:04.951937,PENG,BUY,298,41.8884,False,True
2026-05-12T18:32:04.951937,PSIX,BUY,446,37.6575,False,True
2026-05-12T18:32:04.951937,QUBT,BUY,1560,11.5463,False,True
2026-05-12T18:32:04.951937,RELY,SELL,571,24.1302,False,True
2026-05-12T18:32:04.951937,REPL,SELL,45,3.9792,False,True
2026-05-12T18:32:04.951937,SITM,BUY,3,819.954,False,True
2026-05-12T18:32:04.951937,TDIC,SELL,6506,2.1197,False,True
2026-05-12T18:32:04.951937,TIGO,SELL,169,81.2837,False,True
2026-05-12T18:32:04.951937,WOK,SELL,3332,4.1392,False,True
2026-05-12T18:32:04.951937,ZBRA,BUY,73,246.6493,False,True
2026-05-12T18:38:00.526535,AIRS,SELL,873,3.9492,False,True
2026-05-12T18:38:00.526535,ALGM,BUY,18,44.4289,False,True
2026-05-12T18:38:00.526535,BWEN,SELL,32,3.2293,False,True
2026-05-12T18:38:00.526535,CDW,BUY,10,98.7698,False,True
2026-05-12T18:38:00.526535,CSGP,SELL,407,32.5785,False,True
2026-05-12T18:38:00.526535,FIGR,BUY,448,38.4477,False,True
2026-05-12T18:38:00.526535,FLNC,SELL,25,21.6257,False,True
2026-05-12T18:38:00.526535,HNRG,BUY,507,19.6489,False,True
2026-05-12T18:38:00.526535,OKTA,SELL,168,78.6593,False,True
2026-05-12T18:38:00.526535,PENG,BUY,285,41.8884,False,True
2026-05-12T18:38:00.526535,PSIX,BUY,428,37.6575,False,True
2026-05-12T18:38:00.526535,QUBT,BUY,1493,11.5463,False,True
2026-05-12T18:38:00.526535,RELY,SELL,550,24.1302,False,True
2026-05-12T18:38:00.526535,REPL,BUY,41,3.9808,False,True
2026-05-12T18:38:00.526535,SITM,BUY,3,819.954,False,True
2026-05-12T18:38:00.526535,TDIC,SELL,6270,2.1197,False,True
2026-05-12T18:38:00.526535,TIGO,SELL,163,81.2837,False,True
2026-05-12T18:38:00.526535,WOK,SELL,3211,4.1392,False,True
2026-05-12T18:43:55.904000,AIRS,SELL,774,3.9492,False,True
2026-05-12T18:43:55.904000,CDW,BUY,7,98.7698,False,True
2026-05-12T18:43:55.904000,CSGP,SELL,359,32.5785,False,True
2026-05-12T18:43:55.904000,FIGR,BUY,392,38.4477,False,True
2026-05-12T18:43:55.904000,FLNC,BUY,11,21.6343,False,True
2026-05-12T18:43:55.904000,OKTA,SELL,149,78.6593,False,True
2026-05-12T18:43:55.904000,PENG,BUY,249,41.8884,False,True
2026-05-12T18:43:55.904000,PSIX,BUY,394,37.6575,False,True
2026-05-12T18:43:55.904000,QUBT,BUY,1305,11.5463,False,True
2026-05-12T18:43:55.904000,RELY,SELL,485,24.1302,False,True
2026-05-12T18:43:55.904000,REPL,BUY,43,3.9808,False,True
2026-05-12T18:43:55.904000,SITM,BUY,3,819.954,False,True
2026-05-12T18:43:55.904000,TDIC,SELL,5532,2.1197,False,True
2026-05-12T18:43:55.904000,TIGO,SELL,144,81.2837,False,True
2026-05-12T18:43:55.904000,WOK,SELL,2833,4.1392,False,True
2026-05-12T18:49:50.835350,AIRS,SELL,790,3.9492,False,True
2026-05-12T18:49:50.835350,BWEN,SELL,40,3.2293,False,True
2026-05-12T18:49:50.835350,CDW,BUY,5,98.7698,False,True
2026-05-12T18:49:50.835350,CSGP,SELL,362,32.5785,False,True
2026-05-12T18:49:50.835350,FIGR,BUY,392,38.4477,False,True
2026-05-12T18:49:50.835350,FLNC,BUY,9,21.6343,False,True
2026-05-12T18:49:50.835350,OKTA,SELL,150,78.6593,False,True
2026-05-12T18:49:50.835350,PENG,BUY,248,41.8884,False,True
2026-05-12T18:49:50.835350,PSIX,BUY,392,37.6575,False,True
2026-05-12T18:49:50.835350,QUBT,BUY,1306,11.5463,False,True
2026-05-12T18:49:50.835350,RELY,SELL,489,24.1302,False,True
2026-05-12T18:49:50.835350,REPL,BUY,40,3.9808,False,True
2026-05-12T18:49:50.835350,SITM,SELL,1,819.626,False,True
2026-05-12T18:49:50.835350,TDIC,SELL,5568,2.1197,False,True
2026-05-12T18:49:50.835350,TIGO,SELL,145,81.2837,False,True
2026-05-12T18:49:50.835350,WOK,SELL,2851,4.1392,False,True
2026-05-12T18:55:34.843898,AIRS,SELL,749,3.9492,False,True
2026-05-12T18:55:34.843898,CDW,SELL,5,98.7302,False,True
2026-05-12T18:55:34.843898,CSGP,SELL,340,32.5785,False,True
2026-05-12T18:55:34.843898,FIGR,BUY,366,38.4477,False,True
2026-05-12T18:55:34.843898,FLNC,BUY,7,21.6343,False,True
2026-05-12T18:55:34.843898,OKTA,SELL,140,78.6593,False,True
2026-05-12T18:55:34.843898,PENG,BUY,232,41.8884,False,True
2026-05-12T18:55:34.843898,QUBT,BUY,1220,11.5463,False,True
2026-05-12T18:55:34.843898,RELY,SELL,459,24.1302,False,True
2026-05-12T18:55:34.843898,REPL,BUY,27,3.9808,False,True
2026-05-12T18:55:34.843898,SITM,SELL,3,819.626,False,True
2026-05-12T18:55:34.843898,TDIC,SELL,5231,2.1197,False,True
2026-05-12T18:55:34.843898,TIGO,SELL,136,81.2837,False,True
2026-05-12T18:55:34.843898,WOK,SELL,2678,4.1392,False,True
2026-05-12T19:01:12.092274,AIRS,SELL,751,3.9492,False,True
2026-05-12T19:01:12.092274,CDW,SELL,5,98.7302,False,True
2026-05-12T19:01:12.092274,CSGP,SELL,340,32.5785,False,True
2026-05-12T19:01:12.092274,FIGR,BUY,367,38.4477,False,True
2026-05-12T19:01:12.092274,FLNC,BUY,8,21.6343,False,True
2026-05-12T19:01:12.092274,OKTA,SELL,141,78.6593,False,True
2026-05-12T19:01:12.092274,PENG,BUY,233,41.8884,False,True
2026-05-12T19:01:12.092274,QUBT,BUY,1222,11.5463,False,True
2026-05-12T19:01:12.092274,RELY,SELL,460,24.1302,False,True
2026-05-12T19:01:12.092274,SITM,SELL,3,819.626,False,True
2026-05-12T19:01:12.092274,TDIC,SELL,5239,2.1197,False,True
2026-05-12T19:01:12.092274,TIGO,SELL,136,81.2837,False,True
2026-05-12T19:01:12.092274,WOK,SELL,2683,4.1392,False,True
2026-05-12T19:06:42.439644,AIRS,SELL,543,3.9492,False,True
2026-05-12T19:06:42.439644,ALGM,SELL,14,44.4111,False,True
2026-05-12T19:06:42.439644,BWEN,SELL,202,3.2293,False,True
2026-05-12T19:06:42.439644,CDW,SELL,4,98.7302,False,True
2026-05-12T19:06:42.439644,CSGP,SELL,265,32.5785,False,True
2026-05-12T19:06:42.439644,FIGR,BUY,265,38.4477,False,True
2026-05-12T19:06:42.439644,FLNC,SELL,23,21.6257,False,True
2026-05-12T19:06:42.439644,MNST,SELL,8,85.6529,False,True
2026-05-12T19:06:42.439644,OKTA,SELL,110,78.6593,False,True
2026-05-12T19:06:42.439644,PENG,BUY,168,41.8884,False,True
2026-05-12T19:06:42.439644,RELY,SELL,358,24.1302,False,True
2026-05-12T19:06:42.439644,TDIC,SELL,4082,2.1197,False,True
2026-05-12T19:06:42.439644,TIGO,SELL,106,81.2837,False,True
2026-05-12T19:12:14.426261,AIRS,SELL,428,3.9492,False,True
2026-05-12T19:12:14.426261,ALGM,BUY,148,44.4289,False,True
2026-05-12T19:12:14.426261,BWEN,SELL,257,3.2293,False,True
2026-05-12T19:12:14.426261,CDW,SELL,3,98.7302,False,True
2026-05-12T19:12:14.426261,FIGR,BUY,209,38.4477,False,True
2026-05-12T19:12:14.426261,FLNC,SELL,44,21.6257,False,True
2026-05-12T19:12:14.426261,MNST,SELL,13,85.6529,False,True
2026-05-12T19:12:14.426261,OKTA,SELL,93,78.6593,False,True
2026-05-12T19:12:14.426261,PENG,BUY,133,41.8884,False,True
2026-05-12T19:12:14.426261,PSIX,SELL,550,37.6425,False,True
2026-05-12T19:12:14.426261,RELY,SELL,306,24.1302,False,True
2026-05-12T19:12:14.426261,TDIC,SELL,3485,2.1197,False,True
2026-05-12T19:12:14.426261,TIGO,SELL,90,81.2837,False,True
2026-05-12T19:17:44.043761,AIRS,BUY,2157,3.9508,False,True
2026-05-12T19:17:44.043761,ALGM,BUY,144,44.4289,False,True
2026-05-12T19:17:44.043761,BWEN,SELL,154,3.2293,False,True
2026-05-12T19:17:44.043761,CDW,SELL,3,98.7302,False,True
2026-05-12T19:17:44.043761,FIGR,BUY,203,38.4477,False,True
2026-05-12T19:17:44.043761,FLNC,SELL,35,21.6257,False,True
2026-05-12T19:17:44.043761,MNST,SELL,12,85.6529,False,True
2026-05-12T19:17:44.043761,OKTA,SELL,91,78.6593,False,True
2026-05-12T19:17:44.043761,PENG,BUY,129,41.8884,False,True
2026-05-12T19:17:44.043761,PSIX,SELL,533,37.6425,False,True
2026-05-12T19:17:44.043761,RELY,SELL,297,24.1302,False,True
2026-05-12T19:17:44.043761,TDIC,SELL,3381,2.1197,False,True
2026-05-12T19:17:44.043761,TIGO,SELL,88,81.2837,False,True
2026-05-12T19:23:16.490180,AIRS,BUY,1819,3.9508,False,True
2026-05-12T19:23:16.490180,ALGM,BUY,121,44.4289,False,True
2026-05-12T19:23:16.490180,BWEN,SELL,130,3.2293,False,True
2026-05-12T19:23:16.490180,CDW,SELL,3,98.7302,False,True
2026-05-12T19:23:16.490180,FIGR,BUY,171,38.4477,False,True
2026-05-12T19:23:16.490180,FLNC,SELL,15,21.6257,False,True
2026-05-12T19:23:16.490180,MNST,SELL,10,85.6529,False,True
2026-05-12T19:23:16.490180,OKTA,SELL,76,78.6593,False,True
2026-05-12T19:23:16.490180,PENG,BUY,109,41.8884,False,True
2026-05-12T19:23:16.490180,PSIX,SELL,450,37.6425,False,True
2026-05-12T19:23:16.490180,TDIC,SELL,2852,2.1197,False,True
2026-05-12T19:23:16.490180,TIGO,SELL,74,81.2837,False,True
2026-05-12T19:28:47.324018,AIRS,BUY,1827,3.9508,False,True
2026-05-12T19:28:47.324018,ALGM,BUY,122,44.4289,False,True
2026-05-12T19:28:47.324018,BWEN,SELL,88,3.2293,False,True
2026-05-12T19:28:47.324018,CDW,SELL,3,98.7302,False,True
2026-05-12T19:28:47.324018,FIGR,BUY,172,38.4477,False,True
2026-05-12T19:28:47.324018,FLNC,SELL,15,21.6257,False,True
2026-05-12T19:28:47.324018,MNST,BUY,3,85.6871,False,True
2026-05-12T19:28:47.324018,OKTA,SELL,77,78.6593,False,True
2026-05-12T19:28:47.324018,PENG,BUY,109,41.8884,False,True
2026-05-12T19:28:47.324018,PSIX,SELL,452,37.6425,False,True
2026-05-12T19:28:47.324018,TDIC,SELL,2864,2.1197,False,True
2026-05-12T19:28:47.324018,TIGO,SELL,74,81.2837,False,True
2026-05-12T19:34:19.446037,AIRS,BUY,1827,3.9508,False,True
2026-05-12T19:34:19.446037,ALGM,BUY,122,44.4289,False,True
2026-05-12T19:34:19.446037,BWEN,SELL,60,3.2293,False,True
2026-05-12T19:34:19.446037,CDW,SELL,3,98.7302,False,True
2026-05-12T19:34:19.446037,FIGR,BUY,172,38.4477,False,True
2026-05-12T19:34:19.446037,FLNC,SELL,15,21.6257,False,True
2026-05-12T19:34:19.446037,MNST,BUY,2,85.6871,False,True
2026-05-12T19:34:19.446037,OKTA,SELL,77,78.6593,False,True
2026-05-12T19:34:19.446037,PENG,BUY,109,41.8884,False,True
2026-05-12T19:34:19.446037,PSIX,SELL,452,37.6425,False,True
2026-05-12T19:34:19.446037,REPL,SELL,107,3.9792,False,True
2026-05-12T19:34:19.446037,TDIC,SELL,2863,2.1197,False,True
2026-05-12T19:34:19.446037,TIGO,SELL,74,81.2837,False,True
2026-05-12T19:39:51.120971,AIRS,BUY,2020,3.9508,False,True
2026-05-12T19:39:51.120971,ALGM,BUY,144,44.4289,False,True
2026-05-12T19:39:51.120971,BWEN,BUY,468,3.2305,False,True
2026-05-12T19:39:51.120971,CDW,BUY,15,98.7698,False,True
2026-05-12T19:39:51.120971,FIGR,BUY,194,38.4477,False,True
2026-05-12T19:39:51.120971,FLNC,BUY,65,21.6343,False,True
2026-05-12T19:39:51.120971,MNST,BUY,21,85.6871,False,True
2026-05-12T19:39:51.120971,PENG,BUY,135,41.8884,False,True
2026-05-12T19:39:51.120971,PSIX,BUY,584,37.6575,False,True
2026-05-12T19:39:51.120971,SITM,BUY,2,819.954,False,True
2026-05-12T19:39:51.120971,TDIC,SELL,1703,2.1197,False,True
2026-05-12T19:39:51.120971,TIGO,SELL,44,81.2837,False,True
2026-05-12T19:45:23.929460,AIRS,BUY,1877,3.9508,False,True
2026-05-12T19:45:23.929460,ALGM,BUY,139,44.4289,False,True
2026-05-12T19:45:23.929460,BWEN,BUY,430,3.2305,False,True
2026-05-12T19:45:23.929460,CDW,BUY,9,98.7698,False,True
2026-05-12T19:45:23.929460,FIGR,BUY,186,38.4477,False,True
2026-05-12T19:45:23.929460,FLNC,BUY,41,21.6343,False,True
2026-05-12T19:45:23.929460,MNST,BUY,20,85.6871,False,True
2026-05-12T19:45:23.929460,PENG,BUY,130,41.8884,False,True
2026-05-12T19:45:23.929460,SITM,BUY,2,819.954,False,True
2026-05-12T19:45:23.929460,TDIC,SELL,1700,2.1197,False,True
2026-05-12T19:45:23.929460,TIGO,SELL,44,81.2837,False,True
2026-05-12T19:50:54.728529,AIRS,BUY,1838,3.9508,False,True
2026-05-12T19:50:54.728529,ALGM,BUY,135,44.4289,False,True
2026-05-12T19:50:54.728529,BWEN,BUY,393,3.2305,False,True
2026-05-12T19:50:54.728529,CDW,BUY,6,98.7698,False,True
2026-05-12T19:50:54.728529,FIGR,BUY,182,38.4477,False,True
2026-05-12T19:50:54.728529,FLNC,BUY,25,21.6343,False,True
2026-05-12T19:50:54.728529,MNST,BUY,13,85.6871,False,True
2026-05-12T19:50:54.728529,PENG,BUY,127,41.8884,False,True
2026-05-12T19:50:54.728529,SITM,BUY,2,819.954,False,True
2026-05-12T19:50:54.728529,TDIC,SELL,1746,2.1197,False,True
2026-05-12T19:50:54.728529,TIGO,SELL,45,81.2837,False,True
2026-05-12T19:56:26.166752,AIRS,BUY,1820,3.9508,False,True
2026-05-12T19:56:26.166752,ALGM,BUY,134,44.4289,False,True
2026-05-12T19:56:26.166752,BWEN,BUY,393,3.2305,False,True
2026-05-12T19:56:26.166752,CDW,BUY,4,98.7698,False,True
2026-05-12T19:56:26.166752,FIGR,BUY,180,38.4477,False,True
2026-05-12T19:56:26.166752,FLNC,BUY,18,21.6343,False,True
2026-05-12T19:56:26.166752,MNST,BUY,13,85.6871,False,True
2026-05-12T19:56:26.166752,MSFT,SELL,1,408.8083,False,True
2026-05-12T19:56:26.166752,PENG,BUY,125,41.8884,False,True
2026-05-12T19:56:26.166752,REPL,SELL,27,3.9792,False,True
2026-05-12T19:56:26.166752,SITM,BUY,2,819.954,False,True
2026-05-12T19:56:26.166752,TDIC,SELL,1728,2.1197,False,True
2026-05-12T19:56:26.166752,TIGO,SELL,45,81.2837,False,True
2026-05-12T20:01:57.860244,AIRS,BUY,1846,3.9508,False,True
2026-05-12T20:01:57.860244,ALGM,BUY,136,44.4289,False,True
2026-05-12T20:01:57.860244,BWEN,BUY,427,3.2305,False,True
2026-05-12T20:01:57.860244,CDW,BUY,13,98.7698,False,True
2026-05-12T20:01:57.860244,FIGR,BUY,182,38.4477,False,True
2026-05-12T20:01:57.860244,FLNC,BUY,18,21.6343,False,True
2026-05-12T20:01:57.860244,MNST,BUY,14,85.6871,False,True
2026-05-12T20:01:57.860244,MSFT,SELL,1,408.8083,False,True
2026-05-12T20:01:57.860244,PENG,BUY,128,41.8884,False,True
2026-05-12T20:01:57.860244,SITM,BUY,2,819.954,False,True
2026-05-12T20:01:57.860244,TDIC,SELL,1680,2.1197,False,True
2026-05-12T20:01:57.860244,TIGO,SELL,43,81.2837,False,True
2026-05-12T23:02:01.930025,AIRS,BUY,1846,3.9508,False,True
