ticker,side,quantity,limit_price,notional,ok,reason,timestamp
AAON,BUY,144,141.6683,20400.2352,True,,2026-05-12T15:42:41.408444
ABAT,BUY,6198,3.3114,20524.0572,True,,2026-05-12T15:42:41.408444
AAON,BUY,144,141.6683,20400.2352,True,,2026-05-12T15:43:30.216887
ABAT,BUY,6198,3.3114,20524.0572,True,,2026-05-12T15:43:30.216887
AAON,BUY,144,141.6683,20400.2352,True,,2026-05-12T15:46:04.587938
ABAT,BUY,6198,3.3114,20524.0572,True,,2026-05-12T15:46:04.587938
AAON,BUY,144,141.6683,20400.2352,True,,2026-05-12T15:47:39.058353
ABAT,BUY,6198,3.3114,20524.0572,True,,2026-05-12T15:47:39.058353
AAON,BUY,144,141.6683,20400.2352,True,,2026-05-12T15:48:58.446223
ABAT,BUY,6198,3.3114,20524.0572,True,,2026-05-12T15:48:58.446223
AAON,BUY,161,127.4755,20523.5555,True,,2026-05-12T15:51:42.411403
ABAT,BUY,6237,3.2907,20524.0959,True,,2026-05-12T15:51:42.411403
AAON,BUY,159,128.5957,20446.7163,True,,2026-05-12T15:53:01.609803
ABAT,BUY,6247,3.2857,20525.7679,True,,2026-05-12T15:53:01.609803
AAON,BUY,158,129.7359,20498.2722,True,,2026-05-12T15:55:04.644418
ABAT,BUY,6239,3.2895,20523.1905,True,,2026-05-12T15:55:04.644418
AAON,SELL,14,141.6117,1982.5638000000001,True,,2026-05-12T15:57:06.978854
ABAT,BUY,6196,3.3114,20517.4344,True,,2026-05-12T15:57:06.978854
AAOI,BUY,115,177.4055,20401.6325,True,,2026-05-12T16:49:55.306320
AAON,SELL,158,128.6643,20328.9594,True,,2026-05-12T16:49:55.306320
ABAT,SELL,6198,3.2044,19860.8712,True,,2026-05-12T16:49:55.306320
ABNB,SELL,151,135.093,20399.042999999998,True,,2026-05-12T16:49:55.306320
ADTX,SELL,15320,0.0984,1507.488,True,,2026-05-12T16:49:55.306320
AAOI,BUY,2,174.9686,349.9372,True,,2026-05-12T17:01:24.686746
AAON,SELL,158,128.3543,20279.9794,True,,2026-05-12T17:01:24.686746
ABAT,SELL,6198,3.1494,19519.9812,True,,2026-05-12T17:01:24.686746
ADTX,SELL,15320,0.0974,1492.1680000000001,True,,2026-05-12T17:01:24.686746
AIRJ,SELL,425,3.5943,1527.5775,True,,2026-05-12T17:01:24.686746
AIRS,SELL,387,3.9992,1547.6904,True,,2026-05-12T17:01:24.686746
AIRS,SELL,253,3.9492,999.1476,True,,2026-05-12T18:10:16.062087
ALGM,SELL,221,44.4111,9814.8531,True,,2026-05-12T18:10:16.062087
BWEN,SELL,3041,3.2293,9820.3013,True,,2026-05-12T18:10:16.062087
CSGP,SELL,301,32.5785,9806.128499999999,True,,2026-05-12T18:10:16.062087
FIGR,BUY,348,38.4477,13379.799599999998,True,,2026-05-12T18:10:16.062087
FLNC,SELL,454,21.6257,9818.067799999999,True,,2026-05-12T18:10:16.062087
HNRG,SELL,499,19.6411,9800.9089,True,,2026-05-12T18:10:16.062087
MNST,SELL,114,85.6529,9764.4306,True,,2026-05-12T18:10:16.062087
MSFT,BUY,32,408.9719,13087.1008,True,,2026-05-12T18:10:16.062087
OKTA,SELL,124,78.6593,9753.753200000001,True,,2026-05-12T18:10:16.062087
PENG,SELL,234,41.8716,9797.9544,True,,2026-05-12T18:10:16.062087
PSIX,SELL,260,37.6425,9787.05,True,,2026-05-12T18:10:16.062087
QUBT,BUY,1159,11.5463,13382.1617,True,,2026-05-12T18:10:16.062087
RELY,SELL,406,24.1302,9796.8612,True,,2026-05-12T18:10:16.062087
REPL,BUY,3361,3.9808,13379.468799999999,True,,2026-05-12T18:10:16.062087
SITM,SELL,11,819.626,9015.886,True,,2026-05-12T18:10:16.062087
TDIC,SELL,4632,2.1197,9818.4504,True,,2026-05-12T18:10:16.062087
TIGO,SELL,120,81.2837,9754.044,True,,2026-05-12T18:10:16.062087
WOK,SELL,2372,4.1392,9818.1824,True,,2026-05-12T18:10:16.062087
ZBRA,BUY,54,246.6493,13319.0622,True,,2026-05-12T18:10:16.062087
AIRS,SELL,318,3.9492,1255.8455999999999,True,,2026-05-12T18:14:04.884126
ALGM,SELL,278,44.4111,12346.2858,True,,2026-05-12T18:14:04.884126
BWEN,SELL,1334,3.2293,4307.8862,True,,2026-05-12T18:14:04.884126
CSGP,SELL,379,32.5785,12347.251499999998,True,,2026-05-12T18:14:04.884126
FIGR,BUY,438,38.4477,16840.0926,True,,2026-05-12T18:14:04.884126
FLNC,SELL,199,21.6257,4303.5143,True,,2026-05-12T18:14:04.884126
HNRG,SELL,629,19.6411,12354.251900000001,True,,2026-05-12T18:14:04.884126
MNST,SELL,144,85.6529,12334.017600000001,True,,2026-05-12T18:14:04.884126
MSFT,BUY,14,408.9719,5725.6066,True,,2026-05-12T18:14:04.884126
OKTA,SELL,157,78.6593,12349.5101,True,,2026-05-12T18:14:04.884126
PENG,SELL,103,41.8716,4312.7748,True,,2026-05-12T18:14:04.884126
PSIX,SELL,328,37.6425,12346.74,True,,2026-05-12T18:14:04.884126
QUBT,BUY,1459,11.5463,16846.0517,True,,2026-05-12T18:14:04.884126
RELY,SELL,512,24.1302,12354.6624,True,,2026-05-12T18:14:04.884126
REPL,BUY,1475,3.9808,5871.68,True,,2026-05-12T18:14:04.884126
SITM,SELL,6,819.626,4917.755999999999,True,,2026-05-12T18:14:04.884126
TDIC,SELL,5833,2.1197,12364.2101,True,,2026-05-12T18:14:04.884126
TIGO,SELL,152,81.2837,12355.1224,True,,2026-05-12T18:14:04.884126
WOK,SELL,2987,4.1392,12363.7904,True,,2026-05-12T18:14:04.884126
ZBRA,BUY,68,246.6493,16772.1524,True,,2026-05-12T18:14:04.884126
AIRS,BUY,268,3.9508,1058.8144,True,,2026-05-12T18:20:09.728138
ALGM,SELL,180,44.4111,7993.998,True,,2026-05-12T18:20:09.728138
BWEN,SELL,32,3.2293,103.3376,True,,2026-05-12T18:20:09.728138
CDW,SELL,132,98.7302,13032.3864,True,,2026-05-12T18:20:09.728138
CSGP,SELL,402,32.5785,13096.556999999999,True,,2026-05-12T18:20:09.728138
FIGR,BUY,492,38.4477,18916.268399999997,True,,2026-05-12T18:20:09.728138
FLNC,SELL,5,21.6257,108.12849999999999,True,,2026-05-12T18:20:09.728138
HNRG,SELL,668,19.6411,13120.2548,True,,2026-05-12T18:20:09.728138
MNST,SELL,153,85.6529,13104.8937,True,,2026-05-12T18:20:09.728138
MSFT,BUY,3,408.9719,1226.9157,True,,2026-05-12T18:20:09.728138
OKTA,SELL,166,78.6593,13057.443800000001,True,,2026-05-12T18:20:09.728138
PSIX,SELL,348,37.6425,13099.59,True,,2026-05-12T18:20:09.728138
QUBT,BUY,1638,11.5463,18912.8394,True,,2026-05-12T18:20:09.728138
RELY,SELL,543,24.1302,13102.6986,True,,2026-05-12T18:20:09.728138
REPL,BUY,364,3.9808,1449.0112,True,,2026-05-12T18:20:09.728138
SITM,SELL,5,819.626,4098.13,True,,2026-05-12T18:20:09.728138
TDIC,SELL,6191,2.1197,13123.062699999999,True,,2026-05-12T18:20:09.728138
TIGO,SELL,161,81.2837,13086.6757,True,,2026-05-12T18:20:09.728138
WOK,SELL,3170,4.1392,13121.264,True,,2026-05-12T18:20:09.728138
ZBRA,BUY,76,246.6493,18745.3468,True,,2026-05-12T18:20:09.728138
AIRS,BUY,434,3.9508,1714.6472,True,,2026-05-12T18:26:09.786429
ALGM,BUY,150,44.4289,6664.335,True,,2026-05-12T18:26:09.786429
BWEN,SELL,329,3.2293,1062.4397,True,,2026-05-12T18:26:09.786429
CSGP,SELL,455,32.5785,14823.217499999999,True,,2026-05-12T18:26:09.786429
FIGR,BUY,525,38.4477,20185.0425,True,,2026-05-12T18:26:09.786429
FLNC,SELL,49,21.6257,1059.6593,True,,2026-05-12T18:26:09.786429
HNRG,SELL,755,19.6411,14829.0305,True,,2026-05-12T18:26:09.786429
MNST,BUY,225,85.6871,19279.5975,True,,2026-05-12T18:26:09.786429
MSFT,BUY,1,408.9719,408.9719,True,,2026-05-12T18:26:09.786429
OKTA,SELL,188,78.6593,14787.948400000001,True,,2026-05-12T18:26:09.786429
PENG,BUY,42,41.8884,1759.3128,True,,2026-05-12T18:26:09.786429
PSIX,BUY,176,37.6575,6627.719999999999,True,,2026-05-12T18:26:09.786429
QUBT,BUY,1750,11.5463,20206.025,True,,2026-05-12T18:26:09.786429
RELY,SELL,615,24.1302,14840.072999999999,True,,2026-05-12T18:26:09.786429
REPL,SELL,43,3.9792,171.1056,True,,2026-05-12T18:26:09.786429
SITM,SELL,1,819.626,819.626,True,,2026-05-12T18:26:09.786429
TDIC,SELL,7004,2.1197,14846.378799999999,True,,2026-05-12T18:26:09.786429
TIGO,SELL,182,81.2837,14793.633399999999,True,,2026-05-12T18:26:09.786429
WOK,SELL,3586,4.1392,14843.171199999999,True,,2026-05-12T18:26:09.786429
ZBRA,BUY,81,246.6493,19978.5933,True,,2026-05-12T18:26:09.786429
AIRS,SELL,891,3.9492,3518.7372,True,,2026-05-12T18:32:04.951937
ALGM,BUY,149,44.4289,6619.9061,True,,2026-05-12T18:32:04.951937
BWEN,SELL,162,3.2293,523.1465999999999,True,,2026-05-12T18:32:04.951937
CDW,BUY,117,98.7698,11556.0666,True,,2026-05-12T18:32:04.951937
CSGP,SELL,423,32.5785,13780.7055,True,,2026-05-12T18:32:04.951937
FIGR,BUY,468,38.4477,17993.5236,True,,2026-05-12T18:32:04.951937
FLNC,SELL,24,21.6257,519.0168,True,,2026-05-12T18:32:04.951937
HNRG,SELL,702,19.6411,13788.052200000002,True,,2026-05-12T18:32:04.951937
OKTA,SELL,175,78.6593,13765.3775,True,,2026-05-12T18:32:04.951937
PENG,BUY,298,41.8884,12482.743199999999,True,,2026-05-12T18:32:04.951937
PSIX,BUY,446,37.6575,16795.245,True,,2026-05-12T18:32:04.951937
QUBT,BUY,1560,11.5463,18012.228,True,,2026-05-12T18:32:04.951937
RELY,SELL,571,24.1302,13778.3442,True,,2026-05-12T18:32:04.951937
REPL,SELL,45,3.9792,179.064,True,,2026-05-12T18:32:04.951937
SITM,BUY,3,819.954,2459.862,True,,2026-05-12T18:32:04.951937
TDIC,SELL,6506,2.1197,13790.768199999999,True,,2026-05-12T18:32:04.951937
TIGO,SELL,169,81.2837,13736.9453,True,,2026-05-12T18:32:04.951937
WOK,SELL,3332,4.1392,13791.8144,True,,2026-05-12T18:32:04.951937
ZBRA,BUY,73,246.6493,18005.3989,True,,2026-05-12T18:32:04.951937
AIRS,SELL,873,3.9492,3447.6515999999997,True,,2026-05-12T18:38:00.526535
ALGM,BUY,18,44.4289,799.7202,True,,2026-05-12T18:38:00.526535
BWEN,SELL,32,3.2293,103.3376,True,,2026-05-12T18:38:00.526535
CDW,BUY,10,98.7698,987.6980000000001,True,,2026-05-12T18:38:00.526535
CSGP,SELL,407,32.5785,13259.449499999999,True,,2026-05-12T18:38:00.526535
FIGR,BUY,448,38.4477,17224.5696,True,,2026-05-12T18:38:00.526535
FLNC,SELL,25,21.6257,540.6424999999999,True,,2026-05-12T18:38:00.526535
HNRG,BUY,507,19.6489,9961.9923,True,,2026-05-12T18:38:00.526535
OKTA,SELL,168,78.6593,13214.7624,True,,2026-05-12T18:38:00.526535
PENG,BUY,285,41.8884,11938.194,True,,2026-05-12T18:38:00.526535
PSIX,BUY,428,37.6575,16117.41,True,,2026-05-12T18:38:00.526535
QUBT,BUY,1493,11.5463,17238.6259,True,,2026-05-12T18:38:00.526535
RELY,SELL,550,24.1302,13271.609999999999,True,,2026-05-12T18:38:00.526535
REPL,BUY,41,3.9808,163.2128,True,,2026-05-12T18:38:00.526535
SITM,BUY,3,819.954,2459.862,True,,2026-05-12T18:38:00.526535
TDIC,SELL,6270,2.1197,13290.519,True,,2026-05-12T18:38:00.526535
TIGO,SELL,163,81.2837,13249.2431,True,,2026-05-12T18:38:00.526535
WOK,SELL,3211,4.1392,13290.9712,True,,2026-05-12T18:38:00.526535
ZBRA,SELL,215,246.5507,53008.4005,False,size_or_price_limit,2026-05-12T18:38:00.526535
AIRS,SELL,774,3.9492,3056.6807999999996,True,,2026-05-12T18:43:55.904000
CDW,BUY,7,98.7698,691.3886,True,,2026-05-12T18:43:55.904000
CSGP,SELL,359,32.5785,11695.681499999999,True,,2026-05-12T18:43:55.904000
FIGR,BUY,392,38.4477,15071.498399999999,True,,2026-05-12T18:43:55.904000
FLNC,BUY,11,21.6343,237.97729999999999,True,,2026-05-12T18:43:55.904000
HNRG,BUY,2213,19.6489,43483.0157,False,size_or_price_limit,2026-05-12T18:43:55.904000
OKTA,SELL,149,78.6593,11720.235700000001,True,,2026-05-12T18:43:55.904000
PENG,BUY,249,41.8884,10430.211599999999,True,,2026-05-12T18:43:55.904000
PSIX,BUY,394,37.6575,14837.055,True,,2026-05-12T18:43:55.904000
QUBT,BUY,1305,11.5463,15067.9215,True,,2026-05-12T18:43:55.904000
RELY,SELL,485,24.1302,11703.146999999999,True,,2026-05-12T18:43:55.904000
REPL,BUY,43,3.9808,171.1744,True,,2026-05-12T18:43:55.904000
SITM,BUY,3,819.954,2459.862,True,,2026-05-12T18:43:55.904000
TDIC,SELL,5532,2.1197,11726.1804,True,,2026-05-12T18:43:55.904000
TIGO,SELL,144,81.2837,11704.852799999999,True,,2026-05-12T18:43:55.904000
WOK,SELL,2833,4.1392,11726.353599999999,True,,2026-05-12T18:43:55.904000
ZBRA,SELL,215,246.5507,53008.4005,False,size_or_price_limit,2026-05-12T18:43:55.904000
AIRS,SELL,790,3.9492,3119.868,True,,2026-05-12T18:49:50.835350
BWEN,SELL,40,3.2293,129.172,True,,2026-05-12T18:49:50.835350
CDW,BUY,5,98.7698,493.84900000000005,True,,2026-05-12T18:49:50.835350
CSGP,SELL,362,32.5785,11793.417,True,,2026-05-12T18:49:50.835350
FIGR,BUY,392,38.4477,15071.498399999999,True,,2026-05-12T18:49:50.835350
FLNC,BUY,9,21.6343,194.7087,True,,2026-05-12T18:49:50.835350
HNRG,BUY,2211,19.6489,43443.7179,False,size_or_price_limit,2026-05-12T18:49:50.835350
OKTA,SELL,150,78.6593,11798.895,True,,2026-05-12T18:49:50.835350
PENG,BUY,248,41.8884,10388.323199999999,True,,2026-05-12T18:49:50.835350
PSIX,BUY,392,37.6575,14761.74,True,,2026-05-12T18:49:50.835350
QUBT,BUY,1306,11.5463,15079.4678,True,,2026-05-12T18:49:50.835350
RELY,SELL,489,24.1302,11799.6678,True,,2026-05-12T18:49:50.835350
REPL,BUY,40,3.9808,159.232,True,,2026-05-12T18:49:50.835350
SITM,SELL,1,819.626,819.626,True,,2026-05-12T18:49:50.835350
TDIC,SELL,5568,2.1197,11802.489599999999,True,,2026-05-12T18:49:50.835350
TIGO,SELL,145,81.2837,11786.136499999999,True,,2026-05-12T18:49:50.835350
WOK,SELL,2851,4.1392,11800.859199999999,True,,2026-05-12T18:49:50.835350
ZBRA,SELL,215,246.5507,53008.4005,False,size_or_price_limit,2026-05-12T18:49:50.835350
AIRS,SELL,749,3.9492,2957.9508,True,,2026-05-12T18:55:34.843898
CDW,SELL,5,98.7302,493.65099999999995,True,,2026-05-12T18:55:34.843898
CSGP,SELL,340,32.5785,11076.689999999999,True,,2026-05-12T18:55:34.843898
FIGR,BUY,366,38.4477,14071.858199999999,True,,2026-05-12T18:55:34.843898
FLNC,BUY,7,21.6343,151.4401,True,,2026-05-12T18:55:34.843898
HNRG,BUY,2210,19.6489,43424.069,False,size_or_price_limit,2026-05-12T18:55:34.843898
OKTA,SELL,140,78.6593,11012.302,True,,2026-05-12T18:55:34.843898
PENG,BUY,232,41.8884,9718.1088,True,,2026-05-12T18:55:34.843898
PSIX,SELL,643,37.6425,24204.1275,False,size_or_price_limit,2026-05-12T18:55:34.843898
QUBT,BUY,1220,11.5463,14086.486,True,,2026-05-12T18:55:34.843898
RELY,SELL,459,24.1302,11075.7618,True,,2026-05-12T18:55:34.843898
REPL,BUY,27,3.9808,107.4816,True,,2026-05-12T18:55:34.843898
SITM,SELL,3,819.626,2458.8779999999997,True,,2026-05-12T18:55:34.843898
TDIC,SELL,5231,2.1197,11088.1507,True,,2026-05-12T18:55:34.843898
TIGO,SELL,136,81.2837,11054.5832,True,,2026-05-12T18:55:34.843898
WOK,SELL,2678,4.1392,11084.7776,True,,2026-05-12T18:55:34.843898
ZBRA,SELL,215,246.5507,53008.4005,False,size_or_price_limit,2026-05-12T18:55:34.843898
AIRS,SELL,751,3.9492,2965.8491999999997,True,,2026-05-12T19:01:12.092274
CDW,SELL,5,98.7302,493.65099999999995,True,,2026-05-12T19:01:12.092274
CSGP,SELL,340,32.5785,11076.689999999999,True,,2026-05-12T19:01:12.092274
FIGR,BUY,367,38.4477,14110.3059,True,,2026-05-12T19:01:12.092274
FLNC,BUY,8,21.6343,173.0744,True,,2026-05-12T19:01:12.092274
HNRG,BUY,2211,19.6489,43443.7179,False,size_or_price_limit,2026-05-12T19:01:12.092274
OKTA,SELL,141,78.6593,11090.9613,True,,2026-05-12T19:01:12.092274
PENG,BUY,233,41.8884,9759.9972,True,,2026-05-12T19:01:12.092274
PSIX,SELL,644,37.6425,24241.77,False,size_or_price_limit,2026-05-12T19:01:12.092274
QUBT,BUY,1222,11.5463,14109.5786,True,,2026-05-12T19:01:12.092274
RELY,SELL,460,24.1302,11099.892,True,,2026-05-12T19:01:12.092274
SITM,SELL,3,819.626,2458.8779999999997,True,,2026-05-12T19:01:12.092274
TDIC,SELL,5239,2.1197,11105.1083,True,,2026-05-12T19:01:12.092274
TIGO,SELL,136,81.2837,11054.5832,True,,2026-05-12T19:01:12.092274
WOK,SELL,2683,4.1392,11105.4736,True,,2026-05-12T19:01:12.092274
ZBRA,SELL,215,246.5507,53008.4005,False,size_or_price_limit,2026-05-12T19:01:12.092274
AIRS,SELL,543,3.9492,2144.4156,True,,2026-05-12T19:06:42.439644
ALGM,SELL,14,44.4111,621.7554,True,,2026-05-12T19:06:42.439644
BWEN,SELL,202,3.2293,652.3186,True,,2026-05-12T19:06:42.439644
CDW,SELL,4,98.7302,394.9208,True,,2026-05-12T19:06:42.439644
CSGP,SELL,265,32.5785,8633.3025,True,,2026-05-12T19:06:42.439644
FIGR,BUY,265,38.4477,10188.6405,True,,2026-05-12T19:06:42.439644
FLNC,SELL,23,21.6257,497.39109999999994,True,,2026-05-12T19:06:42.439644
HNRG,BUY,2211,19.6489,43443.7179,False,size_or_price_limit,2026-05-12T19:06:42.439644
MNST,SELL,8,85.6529,685.2232,True,,2026-05-12T19:06:42.439644
OKTA,SELL,110,78.6593,8652.523000000001,True,,2026-05-12T19:06:42.439644
PENG,BUY,168,41.8884,7037.2512,True,,2026-05-12T19:06:42.439644
PSIX,SELL,679,37.6425,25559.2575,False,size_or_price_limit,2026-05-12T19:06:42.439644
QUBT,SELL,11116,11.5417,128297.5372,False,size_or_price_limit,2026-05-12T19:06:42.439644
RELY,SELL,358,24.1302,8638.6116,True,,2026-05-12T19:06:42.439644
TDIC,SELL,4082,2.1197,8652.615399999999,True,,2026-05-12T19:06:42.439644
TIGO,SELL,106,81.2837,8616.072199999999,True,,2026-05-12T19:06:42.439644
ZBRA,SELL,215,246.5507,53008.4005,False,size_or_price_limit,2026-05-12T19:06:42.439644
AIRS,SELL,428,3.9492,1690.2576,True,,2026-05-12T19:12:14.426261
ALGM,BUY,148,44.4289,6575.477199999999,True,,2026-05-12T19:12:14.426261
BWEN,SELL,257,3.2293,829.9300999999999,True,,2026-05-12T19:12:14.426261
CDW,SELL,3,98.7302,296.1906,True,,2026-05-12T19:12:14.426261
CSGP,BUY,3404,32.5915,110941.46600000001,False,size_or_price_limit,2026-05-12T19:12:14.426261
FIGR,BUY,209,38.4477,8035.569299999999,True,,2026-05-12T19:12:14.426261
FLNC,SELL,44,21.6257,951.5307999999999,True,,2026-05-12T19:12:14.426261
HNRG,BUY,1702,19.6489,33442.427800000005,False,size_or_price_limit,2026-05-12T19:12:14.426261
MNST,SELL,13,85.6529,1113.4877000000001,True,,2026-05-12T19:12:14.426261
OKTA,SELL,93,78.6593,7315.3149,True,,2026-05-12T19:12:14.426261
PENG,BUY,133,41.8884,5571.1572,True,,2026-05-12T19:12:14.426261
PSIX,SELL,550,37.6425,20703.375,True,,2026-05-12T19:12:14.426261
QUBT,SELL,11114,11.5417,128274.4538,False,size_or_price_limit,2026-05-12T19:12:14.426261
RELY,SELL,306,24.1302,7383.8412,True,,2026-05-12T19:12:14.426261
TDIC,SELL,3485,2.1197,7387.1545,True,,2026-05-12T19:12:14.426261
TIGO,SELL,90,81.2837,7315.532999999999,True,,2026-05-12T19:12:14.426261
ZBRA,SELL,215,246.5507,53008.4005,False,size_or_price_limit,2026-05-12T19:12:14.426261
AIRS,BUY,2157,3.9508,8521.8756,True,,2026-05-12T19:17:44.043761
ALGM,BUY,144,44.4289,6397.7616,True,,2026-05-12T19:17:44.043761
BWEN,SELL,154,3.2293,497.31219999999996,True,,2026-05-12T19:17:44.043761
CDW,SELL,3,98.7302,296.1906,True,,2026-05-12T19:17:44.043761
CSGP,BUY,3404,32.5915,110941.46600000001,False,size_or_price_limit,2026-05-12T19:17:44.043761
FIGR,BUY,203,38.4477,7804.883099999999,True,,2026-05-12T19:17:44.043761
FLNC,SELL,35,21.6257,756.8995,True,,2026-05-12T19:17:44.043761
HNRG,BUY,1702,19.6489,33442.427800000005,False,size_or_price_limit,2026-05-12T19:17:44.043761
MNST,SELL,12,85.6529,1027.8348,True,,2026-05-12T19:17:44.043761
OKTA,SELL,91,78.6593,7157.9963,True,,2026-05-12T19:17:44.043761
PENG,BUY,129,41.8884,5403.6035999999995,True,,2026-05-12T19:17:44.043761
PSIX,SELL,533,37.6425,20063.4525,True,,2026-05-12T19:17:44.043761
QUBT,SELL,11112,11.5417,128251.3704,False,size_or_price_limit,2026-05-12T19:17:44.043761
RELY,SELL,297,24.1302,7166.6694,True,,2026-05-12T19:17:44.043761
TDIC,SELL,3381,2.1197,7166.7056999999995,True,,2026-05-12T19:17:44.043761
TIGO,SELL,88,81.2837,7152.9655999999995,True,,2026-05-12T19:17:44.043761
ZBRA,SELL,215,246.5507,53008.4005,False,size_or_price_limit,2026-05-12T19:17:44.043761
AIRS,BUY,1819,3.9508,7186.5052000000005,True,,2026-05-12T19:23:16.490180
ALGM,BUY,121,44.4289,5375.8969,True,,2026-05-12T19:23:16.490180
BWEN,SELL,130,3.2293,419.80899999999997,True,,2026-05-12T19:23:16.490180
CDW,SELL,3,98.7302,296.1906,True,,2026-05-12T19:23:16.490180
CSGP,BUY,3403,32.5915,110908.8745,False,size_or_price_limit,2026-05-12T19:23:16.490180
FIGR,BUY,171,38.4477,6574.556699999999,True,,2026-05-12T19:23:16.490180
FLNC,SELL,15,21.6257,324.3855,True,,2026-05-12T19:23:16.490180
HNRG,BUY,1701,19.6489,33422.778900000005,False,size_or_price_limit,2026-05-12T19:23:16.490180
MNST,SELL,10,85.6529,856.529,True,,2026-05-12T19:23:16.490180
OKTA,SELL,76,78.6593,5978.1068000000005,True,,2026-05-12T19:23:16.490180
PENG,BUY,109,41.8884,4565.835599999999,True,,2026-05-12T19:23:16.490180
PSIX,SELL,450,37.6425,16939.125,True,,2026-05-12T19:23:16.490180
QUBT,SELL,11112,11.5417,128251.3704,False,size_or_price_limit,2026-05-12T19:23:16.490180
RELY,BUY,4904,24.1398,118381.57920000001,False,size_or_price_limit,2026-05-12T19:23:16.490180
TDIC,SELL,2852,2.1197,6045.3844,True,,2026-05-12T19:23:16.490180
TIGO,SELL,74,81.2837,6014.993799999999,True,,2026-05-12T19:23:16.490180
ZBRA,SELL,215,246.5507,53008.4005,False,size_or_price_limit,2026-05-12T19:23:16.490180
AIRS,BUY,1827,3.9508,7218.1116,True,,2026-05-12T19:28:47.324018
ALGM,BUY,122,44.4289,5420.3258,True,,2026-05-12T19:28:47.324018
BWEN,SELL,88,3.2293,284.1784,True,,2026-05-12T19:28:47.324018
CDW,SELL,3,98.7302,296.1906,True,,2026-05-12T19:28:47.324018
CSGP,BUY,3403,32.5915,110908.8745,False,size_or_price_limit,2026-05-12T19:28:47.324018
FIGR,BUY,172,38.4477,6613.0044,True,,2026-05-12T19:28:47.324018
FLNC,SELL,15,21.6257,324.3855,True,,2026-05-12T19:28:47.324018
HNRG,BUY,1701,19.6489,33422.778900000005,False,size_or_price_limit,2026-05-12T19:28:47.324018
MNST,BUY,3,85.6871,257.0613,True,,2026-05-12T19:28:47.324018
OKTA,SELL,77,78.6593,6056.7661,True,,2026-05-12T19:28:47.324018
PENG,BUY,109,41.8884,4565.835599999999,True,,2026-05-12T19:28:47.324018
PSIX,SELL,452,37.6425,17014.41,True,,2026-05-12T19:28:47.324018
QUBT,SELL,11112,11.5417,128251.3704,False,size_or_price_limit,2026-05-12T19:28:47.324018
RELY,BUY,4904,24.1398,118381.57920000001,False,size_or_price_limit,2026-05-12T19:28:47.324018
TDIC,SELL,2864,2.1197,6070.8207999999995,True,,2026-05-12T19:28:47.324018
TIGO,SELL,74,81.2837,6014.993799999999,True,,2026-05-12T19:28:47.324018
ZBRA,SELL,215,246.5507,53008.4005,False,size_or_price_limit,2026-05-12T19:28:47.324018
AIRS,BUY,1827,3.9508,7218.1116,True,,2026-05-12T19:34:19.446037
ALGM,BUY,122,44.4289,5420.3258,True,,2026-05-12T19:34:19.446037
BWEN,SELL,60,3.2293,193.75799999999998,True,,2026-05-12T19:34:19.446037
CDW,SELL,3,98.7302,296.1906,True,,2026-05-12T19:34:19.446037
CSGP,BUY,3404,32.5915,110941.46600000001,False,size_or_price_limit,2026-05-12T19:34:19.446037
FIGR,BUY,172,38.4477,6613.0044,True,,2026-05-12T19:34:19.446037
FLNC,SELL,15,21.6257,324.3855,True,,2026-05-12T19:34:19.446037
HNRG,BUY,1702,19.6489,33442.427800000005,False,size_or_price_limit,2026-05-12T19:34:19.446037
MNST,BUY,2,85.6871,171.3742,True,,2026-05-12T19:34:19.446037
OKTA,SELL,77,78.6593,6056.7661,True,,2026-05-12T19:34:19.446037
PENG,BUY,109,41.8884,4565.835599999999,True,,2026-05-12T19:34:19.446037
PSIX,SELL,452,37.6425,17014.41,True,,2026-05-12T19:34:19.446037
QUBT,SELL,11113,11.5417,128262.9121,False,size_or_price_limit,2026-05-12T19:34:19.446037
RELY,BUY,4904,24.1398,118381.57920000001,False,size_or_price_limit,2026-05-12T19:34:19.446037
REPL,SELL,107,3.9792,425.7744,True,,2026-05-12T19:34:19.446037
TDIC,SELL,2863,2.1197,6068.701099999999,True,,2026-05-12T19:34:19.446037
TIGO,SELL,74,81.2837,6014.993799999999,True,,2026-05-12T19:34:19.446037
ZBRA,SELL,215,246.5507,53008.4005,False,size_or_price_limit,2026-05-12T19:34:19.446037
AIRS,BUY,2020,3.9508,7980.616,True,,2026-05-12T19:39:51.120971
ALGM,BUY,144,44.4289,6397.7616,True,,2026-05-12T19:39:51.120971
BWEN,BUY,468,3.2305,1511.874,True,,2026-05-12T19:39:51.120971
CDW,BUY,15,98.7698,1481.547,True,,2026-05-12T19:39:51.120971
CSGP,BUY,3454,32.5915,112571.04100000001,False,size_or_price_limit,2026-05-12T19:39:51.120971
FIGR,BUY,194,38.4477,7458.8538,True,,2026-05-12T19:39:51.120971
FLNC,BUY,65,21.6343,1406.2295,True,,2026-05-12T19:39:51.120971
HNRG,BUY,1786,19.6489,35092.9354,False,size_or_price_limit,2026-05-12T19:39:51.120971
MNST,BUY,21,85.6871,1799.4291,True,,2026-05-12T19:39:51.120971
OKTA,BUY,1843,78.6907,145026.96010000003,False,size_or_price_limit,2026-05-12T19:39:51.120971
PENG,BUY,135,41.8884,5654.933999999999,True,,2026-05-12T19:39:51.120971
PSIX,BUY,584,37.6575,21991.98,True,,2026-05-12T19:39:51.120971
QUBT,SELL,11110,11.5417,128228.28700000001,False,size_or_price_limit,2026-05-12T19:39:51.120971
RELY,BUY,4973,24.1398,120047.22540000001,False,size_or_price_limit,2026-05-12T19:39:51.120971
SITM,BUY,2,819.954,1639.908,True,,2026-05-12T19:39:51.120971
TDIC,SELL,1703,2.1197,3609.8491,True,,2026-05-12T19:39:51.120971
TIGO,SELL,44,81.2837,3576.4827999999998,True,,2026-05-12T19:39:51.120971
ZBRA,SELL,215,246.5507,53008.4005,False,size_or_price_limit,2026-05-12T19:39:51.120971
AIRS,BUY,1877,3.9508,7415.6516,True,,2026-05-12T19:45:23.929460
ALGM,BUY,139,44.4289,6175.6170999999995,True,,2026-05-12T19:45:23.929460
BWEN,BUY,430,3.2305,1389.115,True,,2026-05-12T19:45:23.929460
CDW,BUY,9,98.7698,888.9282000000001,True,,2026-05-12T19:45:23.929460
CSGP,BUY,3451,32.5915,112473.26650000001,False,size_or_price_limit,2026-05-12T19:45:23.929460
FIGR,BUY,186,38.4477,7151.272199999999,True,,2026-05-12T19:45:23.929460
FLNC,BUY,41,21.6343,887.0063,True,,2026-05-12T19:45:23.929460
HNRG,BUY,1780,19.6489,34975.042,False,size_or_price_limit,2026-05-12T19:45:23.929460
MNST,BUY,20,85.6871,1713.742,True,,2026-05-12T19:45:23.929460
OKTA,BUY,1841,78.6907,144869.5787,False,size_or_price_limit,2026-05-12T19:45:23.929460
PENG,BUY,130,41.8884,5445.491999999999,True,,2026-05-12T19:45:23.929460
PSIX,BUY,1033,37.6575,38900.1975,False,size_or_price_limit,2026-05-12T19:45:23.929460
QUBT,SELL,11110,11.5417,128228.28700000001,False,size_or_price_limit,2026-05-12T19:45:23.929460
RELY,BUY,4968,24.1398,119926.5264,False,size_or_price_limit,2026-05-12T19:45:23.929460
SITM,BUY,2,819.954,1639.908,True,,2026-05-12T19:45:23.929460
TDIC,SELL,1700,2.1197,3603.49,True,,2026-05-12T19:45:23.929460
TIGO,SELL,44,81.2837,3576.4827999999998,True,,2026-05-12T19:45:23.929460
ZBRA,SELL,215,246.5507,53008.4005,False,size_or_price_limit,2026-05-12T19:45:23.929460
AIRS,BUY,1838,3.9508,7261.5704000000005,True,,2026-05-12T19:50:54.728529
ALGM,BUY,135,44.4289,5997.9015,True,,2026-05-12T19:50:54.728529
BWEN,BUY,393,3.2305,1269.5865000000001,True,,2026-05-12T19:50:54.728529
CDW,BUY,6,98.7698,592.6188,True,,2026-05-12T19:50:54.728529
CSGP,BUY,3447,32.5915,112342.90050000002,False,size_or_price_limit,2026-05-12T19:50:54.728529
FIGR,BUY,182,38.4477,6997.4814,True,,2026-05-12T19:50:54.728529
FLNC,BUY,25,21.6343,540.8575,True,,2026-05-12T19:50:54.728529
HNRG,BUY,1774,19.6489,34857.1486,False,size_or_price_limit,2026-05-12T19:50:54.728529
MNST,BUY,13,85.6871,1113.9323,True,,2026-05-12T19:50:54.728529
OKTA,BUY,1840,78.6907,144790.888,False,size_or_price_limit,2026-05-12T19:50:54.728529
PENG,BUY,127,41.8884,5319.8268,True,,2026-05-12T19:50:54.728529
PSIX,BUY,1030,37.6575,38787.225,False,size_or_price_limit,2026-05-12T19:50:54.728529
QUBT,SELL,11112,11.5417,128251.3704,False,size_or_price_limit,2026-05-12T19:50:54.728529
RELY,BUY,4963,24.1398,119805.82740000001,False,size_or_price_limit,2026-05-12T19:50:54.728529
SITM,BUY,2,819.954,1639.908,True,,2026-05-12T19:50:54.728529
TDIC,SELL,1746,2.1197,3700.9962,True,,2026-05-12T19:50:54.728529
TIGO,SELL,45,81.2837,3657.7664999999997,True,,2026-05-12T19:50:54.728529
ZBRA,SELL,215,246.5507,53008.4005,False,size_or_price_limit,2026-05-12T19:50:54.728529
AIRS,BUY,1820,3.9508,7190.456,True,,2026-05-12T19:56:26.166752
ALGM,BUY,134,44.4289,5953.4726,True,,2026-05-12T19:56:26.166752
BWEN,BUY,393,3.2305,1269.5865000000001,True,,2026-05-12T19:56:26.166752
CDW,BUY,4,98.7698,395.0792,True,,2026-05-12T19:56:26.166752
CSGP,BUY,3450,32.5915,112440.67500000002,False,size_or_price_limit,2026-05-12T19:56:26.166752
FIGR,BUY,180,38.4477,6920.585999999999,True,,2026-05-12T19:56:26.166752
FLNC,BUY,18,21.6343,389.4174,True,,2026-05-12T19:56:26.166752
HNRG,BUY,1779,19.6489,34955.3931,False,size_or_price_limit,2026-05-12T19:56:26.166752
MNST,BUY,13,85.6871,1113.9323,True,,2026-05-12T19:56:26.166752
MSFT,SELL,1,408.8083,408.8083,True,,2026-05-12T19:56:26.166752
OKTA,BUY,1841,78.6907,144869.5787,False,size_or_price_limit,2026-05-12T19:56:26.166752
PENG,BUY,125,41.8884,5236.049999999999,True,,2026-05-12T19:56:26.166752
PSIX,BUY,1033,37.6575,38900.1975,False,size_or_price_limit,2026-05-12T19:56:26.166752
QUBT,SELL,11122,11.5417,128366.7874,False,size_or_price_limit,2026-05-12T19:56:26.166752
RELY,BUY,4967,24.1398,119902.3866,False,size_or_price_limit,2026-05-12T19:56:26.166752
REPL,SELL,27,3.9792,107.4384,True,,2026-05-12T19:56:26.166752
SITM,BUY,2,819.954,1639.908,True,,2026-05-12T19:56:26.166752
TDIC,SELL,1728,2.1197,3662.8415999999997,True,,2026-05-12T19:56:26.166752
TIGO,SELL,45,81.2837,3657.7664999999997,True,,2026-05-12T19:56:26.166752
ZBRA,SELL,216,246.5507,53254.9512,False,size_or_price_limit,2026-05-12T19:56:26.166752
AIRS,BUY,1846,3.9508,7293.1768,True,,2026-05-12T20:01:57.860244
ALGM,BUY,136,44.4289,6042.3304,True,,2026-05-12T20:01:57.860244
BWEN,BUY,427,3.2305,1379.4235,True,,2026-05-12T20:01:57.860244
CDW,BUY,13,98.7698,1284.0074,True,,2026-05-12T20:01:57.860244
CSGP,BUY,3454,32.5915,112571.04100000001,False,size_or_price_limit,2026-05-12T20:01:57.860244
FIGR,BUY,182,38.4477,6997.4814,True,,2026-05-12T20:01:57.860244
FLNC,BUY,18,21.6343,389.4174,True,,2026-05-12T20:01:57.860244
HNRG,BUY,1786,19.6489,35092.9354,False,size_or_price_limit,2026-05-12T20:01:57.860244
MNST,BUY,14,85.6871,1199.6194,True,,2026-05-12T20:01:57.860244
MSFT,SELL,1,408.8083,408.8083,True,,2026-05-12T20:01:57.860244
OKTA,BUY,1843,78.6907,145026.96010000003,False,size_or_price_limit,2026-05-12T20:01:57.860244
PENG,BUY,128,41.8884,5361.7152,True,,2026-05-12T20:01:57.860244
PSIX,BUY,1036,37.6575,39013.17,False,size_or_price_limit,2026-05-12T20:01:57.860244
QUBT,SELL,11126,11.5417,128412.95420000001,False,size_or_price_limit,2026-05-12T20:01:57.860244
RELY,BUY,4973,24.1398,120047.22540000001,False,size_or_price_limit,2026-05-12T20:01:57.860244
SITM,BUY,2,819.954,1639.908,True,,2026-05-12T20:01:57.860244
TDIC,SELL,1680,2.1197,3561.096,True,,2026-05-12T20:01:57.860244
TIGO,SELL,43,81.2837,3495.1991,True,,2026-05-12T20:01:57.860244
ZBRA,SELL,216,246.5507,53254.9512,False,size_or_price_limit,2026-05-12T20:01:57.860244
AIRS,BUY,1846,3.9508,7293.1768,True,,2026-05-12T23:02:01.930025
ALGM,BUY,136,44.4289,6042.3304,True,,2026-05-12T23:02:01.930025
BWEN,BUY,426,3.2305,1376.193,True,,2026-05-12T23:02:01.930025
CDW,BUY,13,98.7698,1284.0074,True,,2026-05-12T23:02:01.930025
CSGP,BUY,3454,32.5915,112571.04100000001,False,size_or_price_limit,2026-05-12T23:02:01.930025
FIGR,BUY,182,38.4477,6997.4814,True,,2026-05-12T23:02:01.930025
FLNC,BUY,18,21.6343,389.4174,True,,2026-05-12T23:02:01.930025
HNRG,BUY,1786,19.6489,35092.9354,False,size_or_price_limit,2026-05-12T23:02:01.930025
MNST,BUY,14,85.6871,1199.6194,True,,2026-05-12T23:02:01.930025
MSFT,SELL,1,408.8083,408.8083,True,,2026-05-12T23:02:01.930025
OKTA,BUY,1843,78.6907,145026.96010000003,False,size_or_price_limit,2026-05-12T23:02:01.930025
PENG,BUY,128,41.8884,5361.7152,True,,2026-05-12T23:02:01.930025
PSIX,BUY,1036,37.6575,39013.17,False,size_or_price_limit,2026-05-12T23:02:01.930025
QUBT,SELL,11126,11.5417,128412.95420000001,False,size_or_price_limit,2026-05-12T23:02:01.930025
RELY,BUY,4972,24.1398,120023.0856,False,size_or_price_limit,2026-05-12T23:02:01.930025
SITM,BUY,2,819.954,1639.908,True,,2026-05-12T23:02:01.930025
TDIC,SELL,1681,2.1197,3563.2156999999997,True,,2026-05-12T23:02:01.930025
TIGO,SELL,43,81.2837,3495.1991,True,,2026-05-12T23:02:01.930025
ZBRA,SELL,216,246.5507,53254.9512,False,size_or_price_limit,2026-05-12T23:02:01.930025
