long_threshold_alpha,short_threshold_alpha,cost_adjusted_alpha_threshold,trading_cost_return,min_net_alpha_after_cost,filtered_missing_or_untradable,filtered_price,filtered_liquidity,filtered_alpha_threshold,row,final_number_long,final_number_short
0.0034897077863151925,-0.00262839236130959,0.0007999999999999999,0.0003,0.0005,4347,1272,1597,904,0,88,88
0.0024609775636761128,-0.002949570831156612,0.0007999999999999999,0.0003,0.0005,4353,1281,1632,1075,1,77,77
0.002722451915272442,-0.0029192395434618984,0.0007999999999999999,0.0003,0.0005,4335,1272,1639,1038,2,80,80
0.0022696545186544556,-0.0027069926503996366,0.0007999999999999999,0.0003,0.0005,4370,1275,1550,1054,3,77,77
0.003475006238399411,-0.0027632148942253903,0.0007999999999999999,0.0003,0.0005,4344,1267,1644,1010,4,81,81
0.0033107813590167027,-0.0029730674555869816,0.0007999999999999999,0.0003,0.0005,4358,1275,1640,954,5,88,88
0.0029434505338587157,-0.0031423708142966147,0.0007999999999999999,0.0003,0.0005,4352,1276,1663,894,6,92,92
0.002694390365138992,-0.003070172968937671,0.0007999999999999999,0.0003,0.0005,4356,1283,1673,1007,7,85,85
0.0015165379438127752,-0.0030505803451215006,0.0007999999999999999,0.0003,0.0005,4360,1286,1687,906,8,92,92
0.0026981946761290964,-0.0028238404062485532,0.0007999999999999999,0.0003,0.0005,4329,1302,1689,914,9,77,77
0.002740410483045175,-0.0027465565540643142,0.0007999999999999999,0.0003,0.0005,4349,1316,1687,914,10,77,77
0.002372733884454847,-0.0023798670936338788,0.0007999999999999999,0.0003,0.0005,4358,1310,1677,868,11,75,75
0.0027069190142449797,-0.002034742821206335,0.0007999999999999999,0.0003,0.0005,4344,1317,1697,809,12,79,79
0.0032512641649897834,-0.00118432442995162,0.0007999999999999999,0.0003,0.0005,4340,1306,1653,924,13,84,84
0.0029367038778795517,-0.0014385304936403711,0.0007999999999999999,0.0003,0.0005,4338,1299,1702,972,14,75,75
0.0025013996741497617,-0.0017485364842468295,0.0007999999999999999,0.0003,0.0005,4348,1303,1682,868,15,77,77
0.002513920758863091,-0.0016926216297288748,0.0007999999999999999,0.0003,0.0005,4345,1303,1674,848,16,81,81
0.0023673615236270264,-0.0019570695635353083,0.0007999999999999999,0.0003,0.0005,4353,1301,1709,895,17,73,73
0.0027748652473992322,-0.0015304454524825198,0.0007999999999999999,0.0003,0.0005,4329,1283,1646,998,18,82,82
0.003056749036728878,-0.0014644773764051222,0.0007999999999999999,0.0003,0.0005,4337,1295,1687,1060,19,76,76
0.0035012053335075344,-0.0012493394264477375,0.0007999999999999999,0.0003,0.0005,4328,1299,1639,1094,20,83,83
0.004996324436933244,-0.0013489048796255123,0.0007999999999999999,0.0003,0.0005,4357,1298,1606,1116,21,81,81
0.005689802118666899,-0.0012158707286276389,0.0007999999999999999,0.0003,0.0005,4355,1300,1666,1060,22,84,84
0.005578191956575018,-0.0014617596659158506,0.0007999999999999999,0.0003,0.0005,4330,1310,1678,961,23,91,91
0.005836196938749281,-0.0016853484323786031,0.0007999999999999999,0.0003,0.0005,4353,1306,1644,946,24,89,89
0.005193533208657021,-0.0012367013965803504,0.0007999999999999999,0.0003,0.0005,4326,1305,1673,929,25,94,94
0.0052774571315375995,-0.0013711625541107763,0.0007999999999999999,0.0003,0.0005,4350,1298,1673,915,26,90,90
0.005488177414336446,-0.0018647180831995005,0.0007999999999999999,0.0003,0.0005,4343,1287,1634,818,27,97,97
0.005311386059466641,-0.002072456715339362,0.0007999999999999999,0.0003,0.0005,4330,1280,1556,736,28,104,104
0.00513040171934539,-0.002354220424534298,0.0007999999999999999,0.0003,0.0005,4330,1300,1596,709,29,102,102
0.005510592994115511,-0.002839185706761196,0.0007999999999999999,0.0003,0.0005,4353,1277,1628,651,30,98,98
0.005457507207319937,-0.003174869806132287,0.0007999999999999999,0.0003,0.0005,4360,1268,1570,594,31,105,105
0.005176545193618525,-0.003807883113837796,0.0007999999999999999,0.0003,0.0005,4347,1261,1613,533,32,110,110
0.004750185114063018,-0.003809737984095913,0.0007999999999999999,0.0003,0.0005,4335,1265,1609,540,33,110,110
0.003918235567556825,-0.003393620233515784,0.0007999999999999999,0.0003,0.0005,4332,1274,1681,640,34,101,101
0.004542270365539661,-0.0031249679318992693,0.0007999999999999999,0.0003,0.0005,4344,1274,1639,665,35,101,101
0.004605538060247808,-0.0029761035919586777,0.0007999999999999999,0.0003,0.0005,4356,1273,1650,733,36,93,93
0.004841986345793781,-0.0030732673090591253,0.0007999999999999999,0.0003,0.0005,4339,1268,1634,674,37,99,99
0.004911769848716245,-0.003097264602903573,0.0007999999999999999,0.0003,0.0005,4342,1253,1604,674,38,101,101
0.004674516060556846,-0.0030139565622387247,0.0007999999999999999,0.0003,0.0005,4346,1261,1627,689,39,99,99
0.004437960089529764,-0.002989654504203314,0.0007999999999999999,0.0003,0.0005,4366,1260,1560,754,40,95,95
0.0045580093235582,-0.0029844970873745217,0.0007999999999999999,0.0003,0.0005,4352,1254,1602,761,41,93,93
0.0041679125718621516,-0.003053527074784689,0.0007999999999999999,0.0003,0.0005,4328,1253,1587,755,42,96,96
0.00407798097083089,-0.003330946300332036,0.0007999999999999999,0.0003,0.0005,4372,1260,1589,706,43,102,102
0.003863398836561297,-0.0037241444234075343,0.0007999999999999999,0.0003,0.0005,4339,1248,1599,842,44,95,95
0.00378811158309757,-0.003397504386469412,0.0007999999999999999,0.0003,0.0005,4354,1237,1618,820,45,94,94
0.0034795293104149735,-0.0033802796281952765,0.0007999999999999999,0.0003,0.0005,4353,1244,1592,827,46,95,95
0.00255718791343443,-0.003135765951643722,0.0007999999999999999,0.0003,0.0005,4358,1247,1611,958,47,90,90
0.002766055898834249,-0.0031790814811800444,0.0007999999999999999,0.0003,0.0005,4368,1258,1593,1082,48,80,80
0.0035042106838425093,-0.003032481921264091,0.0007999999999999999,0.0003,0.0005,4363,1258,1579,1115,49,80,80
0.002956104750619548,-0.0031146914986937093,0.0007999999999999999,0.0003,0.0005,4377,1267,1568,1040,50,80,80
0.002911598317482241,-0.002880747506880794,0.0007999999999999999,0.0003,0.0005,4362,1268,1427,940,51,95,95
0.0026633798826703383,-0.002953533107569746,0.0007999999999999999,0.0003,0.0005,4353,1280,1592,1039,52,82,82
0.0028844960237237793,-0.0025408628674649047,0.0007999999999999999,0.0003,0.0005,4351,1264,1604,956,53,88,88
0.002837797712539137,-0.002240176648238966,0.0007999999999999999,0.0003,0.0005,4367,1263,1568,1115,54,87,87
0.0026941395866639756,-0.002194126444812553,0.0007999999999999999,0.0003,0.0005,4358,1254,1587,1217,55,73,73
0.002739300182984904,-0.0024242637351709066,0.0007999999999999999,0.0003,0.0005,4379,1266,1609,1320,56,67,67
0.0023591162006402697,-0.0025840354782623266,0.0007999999999999999,0.0003,0.0005,4380,1265,1592,1205,57,71,71
0.002433293481584533,-0.00261391591809583,0.0007999999999999999,0.0003,0.0005,4357,1259,1631,996,58,79,79
0.0027370446017496567,-0.0022710714305807385,0.0007999999999999999,0.0003,0.0005,4365,1255,1602,983,59,89,89
0.002828845622884815,-0.002340565125918513,0.0007999999999999999,0.0003,0.0005,4372,1247,1530,1001,60,91,91
0.0022514746794420285,-0.002564387098082323,0.0007999999999999999,0.0003,0.0005,4357,1253,1567,1040,61,85,85
0.0021385480617313306,-0.0030492668710312342,0.0007999999999999999,0.0003,0.0005,4349,1260,1608,1035,62,77,77
0.0021655574426210095,-0.0023704475558195197,0.0007999999999999999,0.0003,0.0005,4375,1248,1590,1126,63,78,78
0.00199951665737866,-0.00265591059469105,0.0007999999999999999,0.0003,0.0005,4358,1258,1594,1121,64,74,74
0.002088373986075724,-0.0026675915662358715,0.0007999999999999999,0.0003,0.0005,4374,1257,1648,1023,65,74,74
0.0021371900790868835,-0.0025761256368820812,0.0007999999999999999,0.0003,0.0005,4372,1253,1619,1014,66,79,79
0.002279894459222223,-0.00261791560785343,0.0007999999999999999,0.0003,0.0005,4361,1255,1619,984,67,84,84
0.002157821766601674,-0.002909409145054884,0.0007999999999999999,0.0003,0.0005,4366,1267,1570,1219,68,70,70
0.0022749799122938875,-0.002758264754025562,0.0007999999999999999,0.0003,0.0005,4379,1260,1629,1217,69,70,70
0.002341780548317716,-0.0029744982050141713,0.0007999999999999999,0.0003,0.0005,4359,1269,1644,1175,70,64,64
0.0026976817386887915,-0.0025553469799649993,0.0007999999999999999,0.0003,0.0005,4361,1282,1600,702,71,97,97
0.0027592266119663296,-0.002093895499419265,0.0007999999999999999,0.0003,0.0005,4371,1299,1635,675,72,97,97
0.0027168414613241835,-0.0025699962717940657,0.0007999999999999999,0.0003,0.0005,4376,1299,1645,697,73,93,93
0.0028771211592274666,-0.0029613658776856924,0.0007999999999999999,0.0003,0.0005,4380,1299,1617,693,74,92,92
0.0033354312429032095,-0.003436559206733862,0.0007999999999999999,0.0003,0.0005,4383,1302,1612,546,75,103,103
0.003175777811893775,-0.0031246060129772337,0.0007999999999999999,0.0003,0.0005,4372,1298,1631,531,76,104,104
0.0029442764507454987,-0.0028101639036755078,0.0007999999999999999,0.0003,0.0005,4369,1293,1642,581,77,101,101
0.0028637301972839696,-0.0029517983349004484,0.0007999999999999999,0.0003,0.0005,4375,1296,1652,601,78,99,99
0.0028673191246990732,-0.0033934613165845116,0.0007999999999999999,0.0003,0.0005,4385,1300,1644,638,79,97,97
0.003202945291532475,-0.003680189231719467,0.0007999999999999999,0.0003,0.0005,4402,1299,1652,588,80,101,101
0.002753117345226319,-0.0033669564329946475,0.0007999999999999999,0.0003,0.0005,4368,1303,1641,656,81,99,99
0.002165207471435783,-0.0029374055550192074,0.0007999999999999999,0.0003,0.0005,4369,1299,1645,806,82,88,88
0.0022547043753609127,-0.0036318424681439816,0.0007999999999999999,0.0003,0.0005,4385,1287,1615,808,83,87,87
0.0022692970761985,-0.003489470663665928,0.0007999999999999999,0.0003,0.0005,4389,1288,1617,826,84,90,90
0.0023375064008492215,-0.0033546359593994005,0.0007999999999999999,0.0003,0.0005,4380,1286,1643,921,85,84,84
0.0024554660718796285,-0.0026785608041031824,0.0007999999999999999,0.0003,0.0005,4364,1285,1630,930,86,88,88
0.002266450360925144,-0.003276829593642743,0.0007999999999999999,0.0003,0.0005,4352,1285,1647,1003,87,81,81
0.002258009045903376,-0.003193892856456052,0.0007999999999999999,0.0003,0.0005,4387,1282,1633,959,88,81,81
0.0023729322251077934,-0.004020452362527598,0.0007999999999999999,0.0003,0.0005,4378,1274,1624,892,89,87,87
0.002676016045219988,-0.003377782865060743,0.0007999999999999999,0.0003,0.0005,4387,1281,1631,874,90,88,88
0.0029450574368523087,-0.0034241219978623045,0.0007999999999999999,0.0003,0.0005,4379,1267,1606,969,91,91,91
0.002999739391081898,-0.003400781823556692,0.0007999999999999999,0.0003,0.0005,4378,1271,1600,1103,92,84,84
0.0029774391510538727,-0.0027124530549086996,0.0007999999999999999,0.0003,0.0005,4365,1275,1595,1079,93,83,83
0.002922349720079129,-0.002459442233620407,0.0007999999999999999,0.0003,0.0005,4358,1267,1609,1087,94,77,77
0.0025550967299066535,-0.0026737542964128704,0.0007999999999999999,0.0003,0.0005,4363,1275,1628,1082,95,72,72
0.0024899908054918612,-0.0024284674806825082,0.0007999999999999999,0.0003,0.0005,4371,1269,1587,1124,96,70,70
0.0023924796969937616,-0.002494772270864064,0.0007999999999999999,0.0003,0.0005,4369,1270,1625,1221,97,70,70
0.002596024716788993,-0.0027011944632589946,0.0007999999999999999,0.0003,0.0005,4370,1270,1626,1109,98,75,75
0.002980992112297577,-0.0024127603012938704,0.0007999999999999999,0.0003,0.0005,4376,1275,1594,1093,99,74,74
0.0026973936545216805,-0.0024653549642855137,0.0007999999999999999,0.0003,0.0005,4377,1281,1661,1136,100,76,76
0.0025265900213346276,-0.002785777870712861,0.0007999999999999999,0.0003,0.0005,4386,1275,1559,1162,101,72,72
0.0024121881835967385,-0.0029415769409683974,0.0007999999999999999,0.0003,0.0005,4403,1281,1596,1128,102,71,71
0.0026269430160425463,-0.0032553767445920507,0.0007999999999999999,0.0003,0.0005,4389,1279,1642,1091,103,73,73
0.002409059840625319,-0.0032299404177354267,0.0007999999999999999,0.0003,0.0005,4376,1275,1618,979,104,78,78
0.002754955606339249,-0.0032981808653218393,0.0007999999999999999,0.0003,0.0005,4372,1283,1603,896,105,88,88
0.0025202422188887325,-0.003578612288087358,0.0007999999999999999,0.0003,0.0005,4364,1279,1656,928,106,80,80
0.0026586284059422474,-0.0031344697087836476,0.0007999999999999999,0.0003,0.0005,4373,1274,1648,876,107,90,90
0.0029381141951166814,-0.002418912158588045,0.0007999999999999999,0.0003,0.0005,4388,1284,1634,901,108,91,91
0.002721198366349481,-0.002227083242034354,0.0007999999999999999,0.0003,0.0005,4387,1288,1682,845,109,90,90
0.002660009176579904,-0.002125482227647151,0.0007999999999999999,0.0003,0.0005,4381,1285,1627,867,110,89,89
0.002570779309271613,-0.0022934884674720582,0.0007999999999999999,0.0003,0.0005,4401,1283,1639,899,111,84,84
0.0028665372596540692,-0.0022716023879306075,0.0007999999999999999,0.0003,0.0005,4396,1275,1584,812,112,95,95
0.0024393551359542455,-0.001842833835696182,0.0007999999999999999,0.0003,0.0005,4390,1288,1670,958,113,82,82
0.0024799228021841475,-0.001739524618784357,0.0007999999999999999,0.0003,0.0005,4390,1292,1655,860,114,88,88
0.002813722003110047,-0.0018167134020099847,0.0007999999999999999,0.0003,0.0005,4372,1298,1643,728,115,93,93
0.0030447676117794855,-0.0020242454546951496,0.0007999999999999999,0.0003,0.0005,4389,1304,1608,587,116,105,105
0.0035243051627568836,-0.0020056092593750815,0.0007999999999999999,0.0003,0.0005,4384,1303,1625,541,117,113,113
0.003718805739576654,-0.0017905135832988368,0.0007999999999999999,0.0003,0.0005,4376,1303,1480,493,118,121,121
0.003765467900953416,-0.0016121922346897682,0.0007999999999999999,0.0003,0.0005,4391,1304,1581,556,119,113,113
0.003306997218039211,-0.0014397696772055497,0.0007999999999999999,0.0003,0.0005,4396,1312,1603,639,120,107,107
0.0034923821930727397,-0.0015554760213952487,0.0007999999999999999,0.0003,0.0005,4395,1307,1557,604,121,113,113
0.0033646507195458073,-0.0014912441188797633,0.0007999999999999999,0.0003,0.0005,4389,1296,1565,564,122,116,116
0.003473134361868446,-0.0015369095310913065,0.0007999999999999999,0.0003,0.0005,4406,1299,1290,547,123,128,128
0.003511038339945922,-0.0014583565876745423,0.0007999999999999999,0.0003,0.0005,4392,1308,1531,581,124,118,118
0.003774310351197011,-0.0010571626162638149,0.0007999999999999999,0.0003,0.0005,4383,1307,1631,566,125,111,111
0.0039298778159531506,-0.0013036987570219675,0.0007999999999999999,0.0003,0.0005,4451,1294,1733,523,126,104,104
0.003592954086354668,-0.001267256406234711,0.0007999999999999999,0.0003,0.0005,4409,1297,1596,554,127,112,112
0.0032546263773520043,-0.0013943696234860693,0.0007999999999999999,0.0003,0.0005,4401,1293,1617,708,128,109,109
0.0029225892515457,-0.0008766297706461016,0.0007999999999999999,0.0003,0.0005,4407,1281,1650,905,129,103,103
0.002765405025052011,-0.0009958517423776,0.0007999999999999999,0.0003,0.0005,4387,1284,1657,1017,130,98,98
0.0032646952846432887,-0.00170782575740967,0.0007999999999999999,0.0003,0.0005,4396,1267,1495,944,131,103,103
0.002904881583476361,-0.0013815231568141617,0.0007999999999999999,0.0003,0.0005,4384,1261,1563,1049,132,95,95
0.003313543133946833,-0.0016745328752584402,0.0007999999999999999,0.0003,0.0005,4383,1256,1531,1006,133,97,97
0.003787184485838016,-0.0016046642025281644,0.0007999999999999999,0.0003,0.0005,4380,1242,1473,893,134,104,104
0.004133665288449036,-0.0018989601951038696,0.0007999999999999999,0.0003,0.0005,4392,1246,1527,936,135,95,95
0.003654309771893236,-0.0020607566462364038,0.0007999999999999999,0.0003,0.0005,4383,1251,1589,902,136,93,93
0.0035139239963730322,-0.002149469804178412,0.0007999999999999999,0.0003,0.0005,4412,1251,1641,939,137,89,89
0.003560625825868691,-0.001924211615124285,0.0007999999999999999,0.0003,0.0005,4377,1248,1591,858,138,97,97
0.0036940561782867845,-0.0018982298800063607,0.0007999999999999999,0.0003,0.0005,4376,1249,1542,844,139,103,103
0.003701092402252169,-0.002280289529856815,0.0007999999999999999,0.0003,0.0005,4404,1256,1561,818,140,98,98
0.0034950006239414222,-0.002538729263412256,0.0007999999999999999,0.0003,0.0005,4402,1260,1537,733,141,101,101
0.0037192220003383703,-0.0023039880281678295,0.0007999999999999999,0.0003,0.0005,4398,1248,1599,699,142,103,103
0.0035052585432231668,-0.0017774557740399563,0.0007999999999999999,0.0003,0.0005,4393,1251,1608,826,143,96,96
0.0031995745262326175,-0.001760792900304428,0.0007999999999999999,0.0003,0.0005,4389,1258,1588,651,144,106,106
0.003311151218036843,-0.0018153382440534854,0.0007999999999999999,0.0003,0.0005,4380,1261,1551,691,145,109,109
0.0033983949514835026,-0.0018858033347717083,0.0007999999999999999,0.0003,0.0005,4403,1269,1541,676,146,107,107
0.0033693805537669185,-0.001728311369907119,0.0007999999999999999,0.0003,0.0005,4395,1291,1579,616,147,106,106
0.003802283294403712,-0.0022368879871211534,0.0007999999999999999,0.0003,0.0005,4375,1307,1567,501,148,117,117
0.0046938719052664205,-0.0026329345524980217,0.0007999999999999999,0.0003,0.0005,4399,1305,1635,398,149,115,115
0.004641313219247107,-0.0029574967683884705,0.0007999999999999999,0.0003,0.0005,4401,1309,1612,393,150,116,116
0.006130224058527413,-0.004162188638761625,0.0007999999999999999,0.0003,0.0005,4405,1299,1657,300,151,117,117
0.0061241210590845885,-0.0034958618302276226,0.0007999999999999999,0.0003,0.0005,4442,1304,1616,304,152,116,116
0.00567336444302882,-0.0032765239046533947,0.0007999999999999999,0.0003,0.0005,4414,1306,1617,347,153,115,115
0.005968922403986859,-0.004366478021617473,0.0007999999999999999,0.0003,0.0005,4411,1304,1622,321,154,116,116
0.005978515798586953,-0.002994396716347446,0.0007999999999999999,0.0003,0.0005,4413,1308,1610,322,155,113,113
0.00622921665209596,-0.0031079144207455493,0.0007999999999999999,0.0003,0.0005,4408,1305,1586,344,156,119,119
0.005452989906904007,-0.0020549600768968576,0.0007999999999999999,0.0003,0.0005,4427,1294,1567,379,157,121,121
0.004933331919674867,-0.002519225385141317,0.0007999999999999999,0.0003,0.0005,4404,1281,1594,391,158,118,118
0.004224807537778124,-0.002091636450380251,0.0007999999999999999,0.0003,0.0005,4406,1281,1627,461,159,111,111
0.004461930109299888,-0.0018151368242437052,0.0007999999999999999,0.0003,0.0005,4407,1268,1631,501,160,113,113
0.0041584983976977975,-0.0014250231837271824,0.0007999999999999999,0.0003,0.0005,4420,1273,1656,535,161,108,108
0.004224053895161514,-0.0030455026318247686,0.0007999999999999999,0.0003,0.0005,4411,1269,1550,555,162,111,111
0.003592202772093507,-0.002209058502709535,0.0007999999999999999,0.0003,0.0005,4404,1265,1553,540,163,114,114
0.0034438922383719477,-0.0023831627146162463,0.0007999999999999999,0.0003,0.0005,4427,1270,1651,690,164,94,94
0.003346671230871198,-0.0024621291004707107,0.0007999999999999999,0.0003,0.0005,4426,1274,1637,662,165,99,99
0.0037369131872020257,-0.0022316590530465307,0.0007999999999999999,0.0003,0.0005,4429,1266,1637,491,166,108,108
0.003725667934309549,-0.0017507721633071246,0.0007999999999999999,0.0003,0.0005,4430,1266,1630,590,167,103,103
0.004012427831910397,-0.002433613831662318,0.0007999999999999999,0.0003,0.0005,4398,1281,1607,671,168,97,97
0.00320236043138839,-0.0026622336200079273,0.0007999999999999999,0.0003,0.0005,4416,1288,1671,657,169,95,95
0.003214916713079975,-0.002447573490319254,0.0007999999999999999,0.0003,0.0005,4414,1281,1642,708,170,94,94
0.002739026107579722,-0.0026783731481828843,0.0007999999999999999,0.0003,0.0005,4432,1294,1627,756,171,88,88
0.002968587434135794,-0.0028380817537591676,0.0007999999999999999,0.0003,0.0005,4412,1286,1609,729,172,93,93
0.002904524594863842,-0.0028816329917846256,0.0007999999999999999,0.0003,0.0005,4412,1279,1646,716,173,91,91
0.0029796579153210383,-0.0030331807527961743,0.0007999999999999999,0.0003,0.0005,4410,1277,1640,761,174,91,91
0.0030145459907070567,-0.003348803800625055,0.0007999999999999999,0.0003,0.0005,4401,1279,1643,767,175,89,89
0.002846159207640277,-0.002962300443111596,0.0007999999999999999,0.0003,0.0005,4412,1276,1590,891,176,82,82
0.0028982107987941116,-0.0028076434952728664,0.0007999999999999999,0.0003,0.0005,4424,1275,1573,832,177,86,86
0.002770705382300235,-0.002599207153361845,0.0007999999999999999,0.0003,0.0005,4418,1275,1542,724,178,94,94
0.0030327162333720317,-0.0023791045846442357,0.0007999999999999999,0.0003,0.0005,4403,1272,1554,679,179,101,101
0.003082137377371744,-0.0021991918180873653,0.0007999999999999999,0.0003,0.0005,4426,1267,1543,642,180,102,102
0.0033742925378759674,-0.0020993931897908312,0.0007999999999999999,0.0003,0.0005,4429,1269,1318,680,181,110,110
0.003630280547994684,-0.0017436601095719433,0.0007999999999999999,0.0003,0.0005,4421,1278,1569,490,182,112,112
0.0037990362533676563,-0.0018338799909312004,0.0007999999999999999,0.0003,0.0005,4417,1276,1590,483,183,111,111
0.003356206638473405,-0.0021055732819878765,0.0007999999999999999,0.0003,0.0005,4415,1288,1609,543,184,108,108
0.0031060791384196883,-0.0018627436054283646,0.0007999999999999999,0.0003,0.0005,4418,1278,1593,679,185,101,101
0.0027077078772380285,-0.001978890213514403,0.0007999999999999999,0.0003,0.0005,4435,1271,1589,942,186,87,87
0.002482099584817894,-0.0023618624085973553,0.0007999999999999999,0.0003,0.0005,4415,1268,1563,1091,187,71,71
0.0026103729123379497,-0.001746286784837282,0.0007999999999999999,0.0003,0.0005,4418,1288,1563,956,188,84,84
0.002884217394143342,-0.0021698929555623667,0.0007999999999999999,0.0003,0.0005,4447,1278,1596,923,189,80,80
0.0028950676506999994,-0.0016656751289147993,0.0007999999999999999,0.0003,0.0005,4440,1281,1648,987,190,77,77
0.003270030527605599,-0.0014632860564173205,0.0007999999999999999,0.0003,0.0005,4428,1279,1621,899,191,91,91
0.0029067967972907552,-0.0014995068623691616,0.0007999999999999999,0.0003,0.0005,4411,1281,1635,980,192,81,81
0.002981278299883421,-0.001405591118736215,0.0007999999999999999,0.0003,0.0005,4418,1276,1650,716,193,99,99
0.003117817513552628,-0.0010035674615152127,0.0007999999999999999,0.0003,0.0005,4414,1281,1652,638,194,103,103
0.0031052873466919646,-0.001323948983006723,0.0007999999999999999,0.0003,0.0005,4416,1284,1645,565,195,108,108
0.0034044033459230487,-0.0017009811299232489,0.0007999999999999999,0.0003,0.0005,4408,1274,1648,554,196,106,106
0.003236301198506319,-0.001174583695816317,0.0007999999999999999,0.0003,0.0005,4418,1272,1648,648,197,106,106
0.0033301364089839947,-0.0012708104044483147,0.0007999999999999999,0.0003,0.0005,4424,1265,1572,623,198,109,109
0.0031135625450763463,-0.0014659716291918585,0.0007999999999999999,0.0003,0.0005,4409,1255,1547,856,199,96,96
0.0028824208344059516,-0.002203601578625484,0.0007999999999999999,0.0003,0.0005,4404,1262,1610,1113,200,75,75
0.002757659708086391,-0.002112320962585464,0.0007999999999999999,0.0003,0.0005,4438,1248,1576,1002,201,82,82
0.002792588864873369,-0.002433365407207609,0.0007999999999999999,0.0003,0.0005,4427,1256,1565,1076,202,72,72
0.002376922223172818,-0.0028463847302722094,0.0007999999999999999,0.0003,0.0005,4432,1253,1573,1024,203,75,75
0.0026773620077179864,-0.0029642423235227704,0.0007999999999999999,0.0003,0.0005,4401,1262,1593,981,204,80,80
0.0029377540296164286,-0.0034231313005060903,0.0007999999999999999,0.0003,0.0005,4410,1269,1595,1024,205,80,80
0.0031680758408581234,-0.003229477221518444,0.0007999999999999999,0.0003,0.0005,4421,1265,1605,956,206,83,83
0.003442518612891075,-0.0036408658920832476,0.0007999999999999999,0.0003,0.0005,4410,1250,1547,867,207,90,90
0.003960615164857544,-0.003722860263577009,0.0007999999999999999,0.0003,0.0005,4411,1251,1574,904,208,85,85
0.0037876410287833854,-0.0037325241020240148,0.0007999999999999999,0.0003,0.0005,4413,1253,1563,921,209,86,86
0.003998083396751382,-0.003968601789428316,0.0007999999999999999,0.0003,0.0005,4416,1256,1565,832,210,95,95
0.0038358995170748172,-0.004046075974748523,0.0007999999999999999,0.0003,0.0005,4405,1251,1613,778,211,94,94
0.0036632362979344135,-0.003494776647784693,0.0007999999999999999,0.0003,0.0005,4410,1256,1576,845,212,95,95
0.0033151820583468376,-0.0034447839208303728,0.0007999999999999999,0.0003,0.0005,4409,1250,1562,832,213,95,95
0.004221426688101173,-0.0035285010734049725,0.0007999999999999999,0.0003,0.0005,4403,1240,1378,603,214,124,124
0.004337572491970622,-0.002990138269326332,0.0007999999999999999,0.0003,0.0005,4411,1242,1451,657,215,114,114
0.004058151951326549,-0.0031233731277406965,0.0007999999999999999,0.0003,0.0005,4420,1247,1486,698,216,107,107
0.0038264323034286887,-0.002193277878779239,0.0007999999999999999,0.0003,0.0005,4412,1242,1412,747,217,109,109
0.003365171969949803,-0.002131354343920449,0.0007999999999999999,0.0003,0.0005,4414,1243,1416,952,218,97,97
0.003402061599236153,-0.002349261166534153,0.0007999999999999999,0.0003,0.0005,4433,1249,1413,636,219,115,115
0.0036756447690991442,-0.0019726672563220825,0.0007999999999999999,0.0003,0.0005,4417,1265,1425,543,220,119,119
0.004396219103349088,-0.0024220294189997104,0.0007999999999999999,0.0003,0.0005,4414,1281,1483,415,221,120,120
0.005004854340454533,-0.0024593710919109694,0.0007999999999999999,0.0003,0.0005,4397,1288,1518,357,222,123,123
0.005081530105645691,-0.0023116381089578857,0.0007999999999999999,0.0003,0.0005,4411,1280,1501,364,223,123,123
0.005311178359451442,-0.0016212236242699176,0.0007999999999999999,0.0003,0.0005,4409,1279,1514,345,224,124,124
0.0050676097544178084,-0.0016007754401878042,0.0007999999999999999,0.0003,0.0005,4401,1275,1515,371,225,124,124
0.005088282611736152,-0.0017748674076533525,0.0007999999999999999,0.0003,0.0005,4412,1261,1480,393,226,127,127
0.004706046166918882,-0.0014781521407526588,0.0007999999999999999,0.0003,0.0005,4410,1248,1419,430,227,132,132
0.004527903451196604,-0.0019474973818684516,0.0007999999999999999,0.0003,0.0005,4412,1249,1502,449,228,122,122
0.0038423748035159373,-0.0012575038563601233,0.0007999999999999999,0.0003,0.0005,4420,1244,1535,594,229,114,114
0.0037701265060823058,-0.001259710671957057,0.0007999999999999999,0.0003,0.0005,4436,1241,1627,835,230,97,97
0.0032756316630630435,-0.0015393621486134643,0.0007999999999999999,0.0003,0.0005,4411,1250,1447,880,231,102,102
0.0033503454857179617,-0.001864227559731384,0.0007999999999999999,0.0003,0.0005,4394,1250,1489,792,232,105,105
0.003538901570443516,-0.0018154532740216006,0.0007999999999999999,0.0003,0.0005,4405,1240,1453,768,233,112,112
0.0034788315569979646,-0.0023783827617249306,0.0007999999999999999,0.0003,0.0005,4412,1247,1476,1100,234,79,79
0.003864102887391181,-0.002481136582544841,0.0007999999999999999,0.0003,0.0005,4406,1238,1499,1134,235,80,80
0.0024453088258920524,-0.002903431902028484,0.0007999999999999999,0.0003,0.0005,4408,1240,1440,953,236,91,91
0.0022683306525614092,-0.002983944619963062,0.0007999999999999999,0.0003,0.0005,4403,1240,1452,1085,237,79,79
0.003035384884620739,-0.0027799361485902428,0.0007999999999999999,0.0003,0.0005,4406,1239,1430,1134,238,74,74
0.0028932117333333803,-0.003019093866031541,0.0007999999999999999,0.0003,0.0005,4404,1248,1489,977,239,78,78
0.0033114909431384977,-0.0027479371533030116,0.0007999999999999999,0.0003,0.0005,4418,1244,1496,964,240,81,81
0.004223824155834765,-0.0022040408374319224,0.0007999999999999999,0.0003,0.0005,4405,1253,1466,1114,241,75,75
0.004011165051568594,-0.0022213361623626003,0.0007999999999999999,0.0003,0.0005,4410,1256,1436,1071,242,79,79
0.0030298855715822407,-0.0025024977224398304,0.0007999999999999999,0.0003,0.0005,4412,1281,1329,1066,243,79,79
0.0028295009959173317,-0.0028789354074704432,0.0007999999999999999,0.0003,0.0005,4411,1282,1414,1013,244,80,80
0.0032676718118228357,-0.002726961810805997,0.0007999999999999999,0.0003,0.0005,4401,1272,1263,888,245,96,96
0.0024228250521248066,-0.002894101689371011,0.0007999999999999999,0.0003,0.0005,4417,1274,1454,860,246,92,92
0.002253739165984523,-0.0033052722284442537,0.0007999999999999999,0.0003,0.0005,4449,1257,1627,673,247,96,96
0.0026173275435196807,-0.004019889731429707,0.0007999999999999999,0.0003,0.0005,4432,1242,1452,492,248,114,114
0.002844289705917558,-0.0045727863406853616,0.0007999999999999999,0.0003,0.0005,4414,1251,1430,448,249,120,120
0.0020399119123482245,-0.004940864216490435,0.0007999999999999999,0.0003,0.0005,4409,1243,1378,423,250,124,124
0.0025475535963064575,-0.004889020701999708,0.0007999999999999999,0.0003,0.0005,4418,1251,1370,416,251,124,124
0.002846709383564932,-0.0053532682736677035,0.0007999999999999999,0.0003,0.0005,4401,1233,1352,412,252,125,125
0.002521750784719283,-0.006185104372861703,0.0007999999999999999,0.0003,0.0005,4412,1225,1394,327,253,126,126
0.0027119322826470696,-0.006451648657085603,0.0007999999999999999,0.0003,0.0005,4414,1224,1310,314,254,129,129
0.0022395050414190138,-0.006204873062665866,0.0007999999999999999,0.0003,0.0005,4406,1235,1399,310,255,127,127
0.003178004282405154,-0.004681895283045154,0.0007999999999999999,0.0003,0.0005,4419,1241,1416,461,256,116,116
0.0036081544111221725,-0.004609375616705201,0.0007999999999999999,0.0003,0.0005,4409,1250,1404,558,257,112,112
0.003216502023739749,-0.0050540448868628155,0.0007999999999999999,0.0003,0.0005,4417,1265,1444,496,258,112,112
0.004000497516624419,-0.005280521342268172,0.0007999999999999999,0.0003,0.0005,4418,1266,1462,508,259,112,112
0.003914585163020692,-0.005901318475415651,0.0007999999999999999,0.0003,0.0005,4418,1252,1473,542,260,107,107
0.004051152309978854,-0.006275880719366954,0.0007999999999999999,0.0003,0.0005,4411,1258,1497,552,261,109,109
0.004267847276841504,-0.006718116120547057,0.0007999999999999999,0.0003,0.0005,4428,1244,1481,559,262,107,107
0.003699645416429158,-0.006409541673560287,0.0007999999999999999,0.0003,0.0005,4408,1241,1449,598,263,106,106
0.0035722375978325116,-0.005884250652044206,0.0007999999999999999,0.0003,0.0005,4400,1243,1458,682,264,101,101
0.0032980759465714277,-0.00579785204327318,0.0007999999999999999,0.0003,0.0005,4411,1241,1449,716,265,100,100
0.0037385007064219423,-0.0054958813379559785,0.0007999999999999999,0.0003,0.0005,4411,1245,1476,677,266,100,100
0.004007927812981505,-0.0056406947385470516,0.0007999999999999999,0.0003,0.0005,4397,1258,1440,606,267,106,106
0.004360743308272626,-0.005609957805728091,0.0007999999999999999,0.0003,0.0005,4396,1253,1530,400,268,119,119
0.004622171650240711,-0.004858907298182019,0.0007999999999999999,0.0003,0.0005,4419,1254,1509,411,269,118,118
0.004990363793716912,-0.004749206680110185,0.0007999999999999999,0.0003,0.0005,4412,1246,1518,382,270,118,118
0.004731312680847422,-0.0035522153463623703,0.0007999999999999999,0.0003,0.0005,4416,1251,1462,388,271,121,121
0.005027053438808827,-0.0029562684282974866,0.0007999999999999999,0.0003,0.0005,4408,1258,1497,376,272,121,121
0.005620895129501505,-0.00397149550055397,0.0007999999999999999,0.0003,0.0005,4424,1243,1496,318,273,124,124
0.005722243210837875,-0.0034823361558073136,0.0007999999999999999,0.0003,0.0005,4416,1239,1502,342,274,124,124
0.005461499621853393,-0.0029797218393275006,0.0007999999999999999,0.0003,0.0005,4414,1244,1502,385,275,119,119
0.004672249430205524,-0.0024871953857996567,0.0007999999999999999,0.0003,0.0005,4407,1253,1483,462,276,117,117
0.0046611279616636655,-0.002003575108367348,0.0007999999999999999,0.0003,0.0005,4403,1251,1486,522,277,114,114
0.004670761116870887,-0.0022141652207245755,0.0007999999999999999,0.0003,0.0005,4404,1255,1499,478,278,113,113
0.0041233449325293525,-0.0022330181477639363,0.0007999999999999999,0.0003,0.0005,4407,1253,1505,599,279,106,106
0.0035499771835583605,-0.0021919372979821877,0.0007999999999999999,0.0003,0.0005,4416,1243,1485,688,280,102,102
0.00346804711055975,-0.002420823945267346,0.0007999999999999999,0.0003,0.0005,4416,1249,1486,744,281,97,97
0.003551573336168315,-0.001756499870952975,0.0007999999999999999,0.0003,0.0005,4405,1253,1424,739,282,105,105
0.003174227050964628,-0.0018165635983650055,0.0007999999999999999,0.0003,0.0005,4403,1251,1490,673,283,108,108
0.0031538577167503218,-0.002200587690908094,0.0007999999999999999,0.0003,0.0005,4405,1254,1497,673,284,105,105
0.0031835766177295477,-0.002807341659491141,0.0007999999999999999,0.0003,0.0005,4404,1272,1457,637,285,107,107
0.0036654533299433512,-0.002608619744830787,0.0007999999999999999,0.0003,0.0005,4401,1285,1474,525,286,112,112
0.003986367935090565,-0.002564804218920441,0.0007999999999999999,0.0003,0.0005,4410,1298,1469,477,287,117,117
0.003931828055746725,-0.0034605367883807393,0.0007999999999999999,0.0003,0.0005,4398,1289,1542,508,288,111,111
0.004037609162043951,-0.0032313713845941033,0.0007999999999999999,0.0003,0.0005,4410,1303,1541,541,289,106,106
0.004472286716947291,-0.0029685086334273296,0.0007999999999999999,0.0003,0.0005,4408,1304,1512,481,290,111,111
0.005412229156078764,-0.0032291477233485615,0.0007999999999999999,0.0003,0.0005,4414,1311,1468,426,291,118,118
0.005678349327366146,-0.003551011602473591,0.0007999999999999999,0.0003,0.0005,4396,1317,1485,367,292,122,122
0.005117239898806064,-0.0037098165438973598,0.0007999999999999999,0.0003,0.0005,4400,1306,1533,414,293,117,117
0.004716314479275511,-0.0035404620693262256,0.0007999999999999999,0.0003,0.0005,4412,1320,1542,469,294,110,110
0.004630928584982992,-0.004030984037721075,0.0007999999999999999,0.0003,0.0005,4394,1313,1567,406,295,116,116
0.004846303356902828,-0.0038094065542590284,0.0007999999999999999,0.0003,0.0005,4400,1342,1518,422,296,117,117
0.005093012189478046,-0.004812042066002028,0.0007999999999999999,0.0003,0.0005,4411,1339,1524,376,297,118,118
0.004316371531988711,-0.004179800581337799,0.0007999999999999999,0.0003,0.0005,4399,1339,1560,411,298,113,113
0.0042262301734300334,-0.0030617163694675034,0.0007999999999999999,0.0003,0.0005,4425,1339,1566,518,299,102,102
0.004356292224467949,-0.004055696402350418,0.0007999999999999999,0.0003,0.0005,4408,1331,1559,425,300,108,108
0.00399010373827182,-0.0030062271317646675,0.0007999999999999999,0.0003,0.0005,4411,1320,1533,504,301,107,107
0.0033119072762095927,-0.0031694179959781787,0.0007999999999999999,0.0003,0.0005,4411,1318,1539,563,302,99,99
0.0035951551752622674,-0.0037580071144127083,0.0007999999999999999,0.0003,0.0005,4410,1311,1559,524,303,104,104
0.0031209392103821207,-0.0031489051719338214,0.0007999999999999999,0.0003,0.0005,4429,1309,1558,653,304,94,94
0.0032284943988706996,-0.003155753934670796,0.0007999999999999999,0.0003,0.0005,4412,1311,1428,698,305,99,99
0.0034644448919845076,-0.002879284892744931,0.0007999999999999999,0.0003,0.0005,4413,1309,1529,695,306,97,97
0.003728104175978491,-0.0022147057101225076,0.0007999999999999999,0.0003,0.0005,4408,1316,1538,792,307,94,94
0.003517874702900718,-0.002050350175619283,0.0007999999999999999,0.0003,0.0005,4411,1321,1544,661,308,98,98
0.003298760693987207,-0.0019801378738401113,0.0007999999999999999,0.0003,0.0005,4418,1327,1557,604,309,105,105
0.003373351292681884,-0.0019364710104872304,0.0007999999999999999,0.0003,0.0005,4411,1342,1576,555,310,105,105
0.0038130003955435103,-0.0013925358194575032,0.0007999999999999999,0.0003,0.0005,4418,1350,1481,512,311,114,114
0.004855270650586721,-0.002647291427975018,0.0007999999999999999,0.0003,0.0005,4418,1352,1550,398,312,115,115
0.004960992249812418,-0.0030434448783891598,0.0007999999999999999,0.0003,0.0005,4433,1346,1541,356,313,120,120
0.004545459447924925,-0.00286416579617432,0.0007999999999999999,0.0003,0.0005,4425,1382,1527,387,314,116,116
0.00501572672689992,-0.0037498591816654413,0.0007999999999999999,0.0003,0.0005,4406,1394,1462,370,315,120,120
0.0046864138918756805,-0.003460016351308877,0.0007999999999999999,0.0003,0.0005,4412,1407,1491,386,316,116,116
0.004884848984044318,-0.0035856646517240945,0.0007999999999999999,0.0003,0.0005,4409,1430,1550,376,317,111,111
0.006338527451013562,-0.005423273476661938,0.0007999999999999999,0.0003,0.0005,4408,1388,1446,302,318,124,124
0.005798149843426201,-0.0029045044919802612,0.0007999999999999999,0.0003,0.0005,4400,1421,1618,342,319,115,115
0.0057813864084167105,-0.004639493098921191,0.0007999999999999999,0.0003,0.0005,4406,1411,1621,324,320,113,113
0.005432088650772176,-0.003974922947426102,0.0007999999999999999,0.0003,0.0005,4411,1393,1577,389,321,113,113
0.005039219089625049,-0.0038341907565833913,0.0007999999999999999,0.0003,0.0005,4421,1395,1599,338,322,111,111
0.005150874012445505,-0.003973861385460462,0.0007999999999999999,0.0003,0.0005,4435,1398,1610,385,323,109,109
0.005650376377581401,-0.003970600877262742,0.0007999999999999999,0.0003,0.0005,4430,1390,1598,362,324,112,112
0.005453822035889992,-0.0039253955541454204,0.0007999999999999999,0.0003,0.0005,4412,1396,1597,396,325,110,110
0.004552134324548061,-0.00401266723807825,0.0007999999999999999,0.0003,0.0005,4423,1378,1537,455,326,108,108
0.004399950955012903,-0.0035928423557945195,0.0007999999999999999,0.0003,0.0005,4419,1363,1541,492,327,109,109
0.00420202655843248,-0.00313297001556077,0.0007999999999999999,0.0003,0.0005,4413,1345,1588,566,328,104,104
0.003930254103255132,-0.002815448301346346,0.0007999999999999999,0.0003,0.0005,4417,1344,1620,669,329,99,99
0.003688084852478921,-0.0028972135160092683,0.0007999999999999999,0.0003,0.0005,4404,1350,1583,718,330,96,96
0.0034389971211213673,-0.003602389447722928,0.0007999999999999999,0.0003,0.0005,4415,1344,1580,775,331,89,89
0.0034855946843230664,-0.003633179660688182,0.0007999999999999999,0.0003,0.0005,4412,1337,1550,803,332,87,87
0.0031799409585215885,-0.004064054269153668,0.0007999999999999999,0.0003,0.0005,4424,1333,1543,793,333,89,89
0.0035186800547271206,-0.004012898457338431,0.0007999999999999999,0.0003,0.0005,4426,1314,1521,671,334,98,98
0.0041106756180466966,-0.0035888676148561334,0.0007999999999999999,0.0003,0.0005,4429,1324,1572,693,335,93,93
0.003250896516228392,-0.004056703231036483,0.0007999999999999999,0.0003,0.0005,4430,1341,1548,833,336,85,85
0.0032979253316231744,-0.0033330537513363723,0.0007999999999999999,0.0003,0.0005,4424,1340,1580,814,337,87,87
0.002522218732636331,-0.0037960881229650158,0.0007999999999999999,0.0003,0.0005,4423,1326,1543,905,338,80,80
0.0025688598063257333,-0.003514145397850879,0.0007999999999999999,0.0003,0.0005,4438,1329,1563,1006,339,75,75
0.0028971703365184708,-0.002971604097957353,0.0007999999999999999,0.0003,0.0005,4416,1313,1458,921,340,88,88
0.0030074791602182505,-0.003433977994842473,0.0007999999999999999,0.0003,0.0005,4410,1306,1485,852,341,91,91
0.0034143798936691143,-0.0034952198264321306,0.0007999999999999999,0.0003,0.0005,4416,1325,1495,718,342,98,98
0.0036782129185191532,-0.003141035949830819,0.0007999999999999999,0.0003,0.0005,4425,1309,1479,731,343,99,99
0.003950953633567468,-0.003020558231499406,0.0007999999999999999,0.0003,0.0005,4409,1304,1478,686,344,100,100
0.003918685915053994,-0.0030758743191872436,0.0007999999999999999,0.0003,0.0005,4424,1297,1500,692,345,100,100
0.0038660795787641114,-0.0034476469182601424,0.0007999999999999999,0.0003,0.0005,4420,1290,1512,752,346,96,96
0.0033566675055587553,-0.0025353828828822223,0.0007999999999999999,0.0003,0.0005,4427,1322,1500,871,347,91,91
0.003559788095773335,-0.002506592730349987,0.0007999999999999999,0.0003,0.0005,4429,1310,1533,931,348,85,85
0.0039122133126329355,-0.0023486462723734483,0.0007999999999999999,0.0003,0.0005,4440,1314,1525,990,349,79,79
0.003869068740927673,-0.002066692834704688,0.0007999999999999999,0.0003,0.0005,4430,1307,1470,980,350,83,83
0.003695552619351489,-0.0018840910904266387,0.0007999999999999999,0.0003,0.0005,4418,1310,1517,974,351,81,81
0.003159286972411035,-0.0020786280133548727,0.0007999999999999999,0.0003,0.0005,4425,1303,1512,976,352,81,81
0.0030720760097427057,-0.002182810654512741,0.0007999999999999999,0.0003,0.0005,4430,1307,1460,1032,353,81,81
0.003051411403692599,-0.0021432269818272326,0.0007999999999999999,0.0003,0.0005,4439,1302,1437,908,354,86,86
0.0034705781900540174,-0.0028268719319724835,0.0007999999999999999,0.0003,0.0005,4417,1284,1456,822,355,93,93
0.004157239345140326,-0.0031801728791633842,0.0007999999999999999,0.0003,0.0005,4434,1281,1466,728,356,97,97
0.004024218678234526,-0.0032096301382485157,0.0007999999999999999,0.0003,0.0005,4428,1279,1485,743,357,95,95
0.004270962404368898,-0.0035176172605607785,0.0007999999999999999,0.0003,0.0005,4421,1270,1468,649,358,104,104
0.004650576185849899,-0.0035377559591637424,0.0007999999999999999,0.0003,0.0005,4413,1270,1448,664,359,102,102
0.003800692423250383,-0.003728998964168844,0.0007999999999999999,0.0003,0.0005,4424,1266,1425,685,360,102,102
0.003796050579747743,-0.0035914430074520283,0.0007999999999999999,0.0003,0.0005,4419,1269,1431,724,361,99,99
0.003962762729553695,-0.0032728454600975876,0.0007999999999999999,0.0003,0.0005,4425,1273,1485,845,362,92,92
0.0037689999246021105,-0.0031981990979177647,0.0007999999999999999,0.0003,0.0005,4430,1292,1492,891,363,85,85
0.003911686131281903,-0.0029381642022341457,0.0007999999999999999,0.0003,0.0005,4407,1270,1491,909,364,87,87
0.0032514011349639676,-0.0029001826202642265,0.0007999999999999999,0.0003,0.0005,4411,1274,1474,960,365,82,82
0.00284811850474028,-0.003106858923087906,0.0007999999999999999,0.0003,0.0005,4411,1280,1472,987,366,81,81
0.002705689972296327,-0.002611617485454953,0.0007999999999999999,0.0003,0.0005,4403,1276,1326,959,367,91,91
0.0029025674191809807,-0.0025542565762167162,0.0007999999999999999,0.0003,0.0005,4405,1278,1408,859,368,91,91
0.0032630715346584137,-0.0027207154717496336,0.0007999999999999999,0.0003,0.0005,4402,1263,1435,786,369,101,101
0.003507133553093645,-0.0027209357679668115,0.0007999999999999999,0.0003,0.0005,4413,1275,1420,925,370,91,91
0.0033166452373823005,-0.003222883616093877,0.0007999999999999999,0.0003,0.0005,4406,1268,1416,933,371,91,91
0.0031526957637906363,-0.002001073894039105,0.0007999999999999999,0.0003,0.0005,4407,1268,1180,823,372,105,105
0.003230182955981038,-0.0020990420326221395,0.0007999999999999999,0.0003,0.0005,4390,1260,1351,716,373,116,116
0.003265551349315279,-0.0022262777199611537,0.0007999999999999999,0.0003,0.0005,4400,1265,1366,651,374,110,110
0.003221864887491809,-0.0023754862219386905,0.0007999999999999999,0.0003,0.0005,4402,1248,1362,574,375,117,117
0.0035203236371230784,-0.0024102858803538418,0.0007999999999999999,0.0003,0.0005,4423,1234,1549,619,376,107,107
0.0033238641984079387,-0.002477836341346243,0.0007999999999999999,0.0003,0.0005,4403,1251,1396,884,377,96,96
0.002884823150984403,-0.0027937382858688937,0.0007999999999999999,0.0003,0.0005,4391,1237,1406,934,378,90,90
0.0026943798640672494,-0.0029679617036210896,0.0007999999999999999,0.0003,0.0005,4401,1230,1404,997,379,85,85
0.0028019728687017458,-0.0035972596343003195,0.0007999999999999999,0.0003,0.0005,4408,1231,1409,989,380,88,88
0.002633994205527344,-0.003736989566324227,0.0007999999999999999,0.0003,0.0005,4388,1245,1439,1038,381,82,82
0.0029403931613470125,-0.003784743045765083,0.0007999999999999999,0.0003,0.0005,4392,1240,1414,917,382,91,91
0.0036169983539675096,-0.003792504014270971,0.0007999999999999999,0.0003,0.0005,4388,1248,1369,860,383,93,93
0.0030993529607729496,-0.0034094179902918556,0.0007999999999999999,0.0003,0.0005,4401,1240,1372,840,384,97,97
0.003611009067999694,-0.003588127141631978,0.0007999999999999999,0.0003,0.0005,4396,1229,1361,705,385,108,108
0.004097671923751077,-0.00337687948881919,0.0007999999999999999,0.0003,0.0005,4405,1236,1384,735,386,106,106
0.0030892151025868017,-0.0036945413156672497,0.0007999999999999999,0.0003,0.0005,4383,1228,1389,631,387,114,114
0.003018994002023342,-0.004404920572377637,0.0007999999999999999,0.0003,0.0005,4401,1212,1389,490,388,119,119
0.0029801384343195853,-0.004663040899879624,0.0007999999999999999,0.0003,0.0005,4396,1209,1369,482,389,120,120
0.0029735137608327775,-0.004582554240481287,0.0007999999999999999,0.0003,0.0005,4406,1215,1380,478,390,121,121
0.003085305025807562,-0.004766758866430583,0.0007999999999999999,0.0003,0.0005,4399,1214,1454,491,391,118,118
0.003130000256956822,-0.0044015992730001416,0.0007999999999999999,0.0003,0.0005,4404,1213,1408,523,392,117,117
0.0026532257632913745,-0.0034438720014359917,0.0007999999999999999,0.0003,0.0005,4410,1240,1395,763,393,101,101
0.003002720886778412,-0.003191115239430838,0.0007999999999999999,0.0003,0.0005,4410,1244,1424,1001,394,84,84
0.0028971543793944957,-0.0029273640322298824,0.0007999999999999999,0.0003,0.0005,4394,1257,1416,1055,395,86,86
0.003072167648197613,-0.0027183452469638947,0.0007999999999999999,0.0003,0.0005,4405,1269,1409,1052,396,81,81
0.003418273328459151,-0.002861874716560193,0.0007999999999999999,0.0003,0.0005,4405,1242,1451,1029,397,82,82
0.003321484288532357,-0.0027302886168030856,0.0007999999999999999,0.0003,0.0005,4394,1244,1440,1000,398,87,87
0.003432673696480474,-0.0029141870854180124,0.0007999999999999999,0.0003,0.0005,4392,1257,1463,1041,399,83,83
0.003516695677949895,-0.003526594967646115,0.0007999999999999999,0.0003,0.0005,4385,1259,1445,952,400,92,92
0.0033384877351266946,-0.002884407276083272,0.0007999999999999999,0.0003,0.0005,4390,1266,1476,906,401,96,96
0.002891211202435268,-0.0023561730460064548,0.0007999999999999999,0.0003,0.0005,4383,1268,1446,966,402,95,95
0.002927778442242775,-0.002332093094886764,0.0007999999999999999,0.0003,0.0005,4383,1253,1390,915,403,103,103
0.003157750590659633,-0.002559668432726781,0.0007999999999999999,0.0003,0.0005,4369,1241,1371,868,404,110,110
0.003197834217077691,-0.002511005631865834,0.0007999999999999999,0.0003,0.0005,4391,1241,1425,885,405,107,107
0.003021096849715506,-0.0023737891284123817,0.0007999999999999999,0.0003,0.0005,4375,1249,1413,860,406,108,108
0.0031973558931858445,-0.00238388126027054,0.0007999999999999999,0.0003,0.0005,4382,1238,1461,836,407,106,106
0.0033354892788022106,-0.002139571288150439,0.0007999999999999999,0.0003,0.0005,4373,1253,1461,706,408,111,111
0.0037717175518471335,-0.002128250767574602,0.0007999999999999999,0.0003,0.0005,4383,1249,1485,497,409,124,124
0.0039044492680884897,-0.0024087368918814,0.0007999999999999999,0.0003,0.0005,4383,1245,1519,525,410,116,116
0.004472380811912527,-0.0027827760262727247,0.0007999999999999999,0.0003,0.0005,4386,1229,1367,623,411,116,116
0.003193318769762236,-0.001389040766660304,0.0007999999999999999,0.0003,0.0005,4392,1221,1424,589,412,120,120
0.0030573837323381375,-0.002324120351071914,0.0007999999999999999,0.0003,0.0005,4390,1214,1414,830,413,100,100
0.0032753206385281947,-0.0025214316370336656,0.0007999999999999999,0.0003,0.0005,4388,1215,1460,841,414,101,101
0.0029231313751390403,-0.0022913140700959365,0.0007999999999999999,0.0003,0.0005,4391,1215,1463,924,415,99,99
0.0031036502997077125,-0.002307810628646671,0.0007999999999999999,0.0003,0.0005,4396,1210,1458,982,416,95,95
0.0024830071202698195,-0.0024043359519604003,0.0007999999999999999,0.0003,0.0005,4381,1217,1423,945,417,94,94
0.0026228749704864697,-0.0022370800265941416,0.0007999999999999999,0.0003,0.0005,4389,1222,1436,947,418,92,92
0.00295720361230467,-0.0023620070775043234,0.0007999999999999999,0.0003,0.0005,4385,1221,1427,760,419,107,107
0.0031489633791777745,-0.002042672460782851,0.0007999999999999999,0.0003,0.0005,4381,1219,1461,813,420,103,103
0.0032225897268374376,-0.002500909168889377,0.0007999999999999999,0.0003,0.0005,4381,1215,1387,996,421,90,90
0.003132597161273606,-0.002648982139570896,0.0007999999999999999,0.0003,0.0005,4382,1204,1375,1121,422,79,79
0.0026643475013110257,-0.002731195251572454,0.0007999999999999999,0.0003,0.0005,4384,1206,1369,838,423,97,97
0.0026107965641063977,-0.0032141201603800166,0.0007999999999999999,0.0003,0.0005,4381,1198,1326,747,424,106,106
0.002626315404284473,-0.003623456277667885,0.0007999999999999999,0.0003,0.0005,4377,1190,1387,723,425,106,106
0.0027498394615395965,-0.0036734980262607886,0.0007999999999999999,0.0003,0.0005,4375,1186,1377,658,426,112,112
0.0030788356287990244,-0.003907921928771789,0.0007999999999999999,0.0003,0.0005,4371,1181,1380,606,427,115,115
0.003192463384938101,-0.004284948861352258,0.0007999999999999999,0.0003,0.0005,4371,1185,1342,542,428,120,120
0.0037026138308195334,-0.0041128104610484075,0.0007999999999999999,0.0003,0.0005,4383,1176,1313,565,429,120,120
0.0033989792700843766,-0.0043708038605546635,0.0007999999999999999,0.0003,0.0005,4367,1175,1150,463,430,138,138
0.0037637725927298464,-0.003936896614307592,0.0007999999999999999,0.0003,0.0005,4364,1160,1314,500,431,128,128
0.004391943196618174,-0.003990010953153822,0.0007999999999999999,0.0003,0.0005,4368,1165,1356,504,432,122,122
0.004205209435479967,-0.004107464119843345,0.0007999999999999999,0.0003,0.0005,4377,1165,1370,513,433,122,122
0.0037250868444778018,-0.003952915555446007,0.0007999999999999999,0.0003,0.0005,4377,1178,1394,555,434,119,119
0.00388225854167773,-0.00382048930040319,0.0007999999999999999,0.0003,0.0005,4376,1171,1412,647,435,111,111
0.0045164383245188434,-0.003752263351036912,0.0007999999999999999,0.0003,0.0005,4373,1172,1369,639,436,114,114
0.004186119933079365,-0.003975268403135933,0.0007999999999999999,0.0003,0.0005,4377,1181,1342,642,437,115,115
0.004765634163310486,-0.004327680402095618,0.0007999999999999999,0.0003,0.0005,4372,1167,1361,627,438,114,114
0.005368627308773893,-0.00472715687291702,0.0007999999999999999,0.0003,0.0005,4366,1162,1380,531,439,120,120
0.004883700549386534,-0.00438278959225921,0.0007999999999999999,0.0003,0.0005,4360,1161,1346,465,440,128,128
0.005629129050749293,-0.004699579568257481,0.0007999999999999999,0.0003,0.0005,4364,1151,1304,458,441,130,130
0.005418625104546496,-0.004628572511494113,0.0007999999999999999,0.0003,0.0005,4369,1155,1304,449,442,129,129
0.006001897942359657,-0.004493337033517699,0.0007999999999999999,0.0003,0.0005,4358,1145,1310,525,443,126,126
0.005823083416786337,-0.004641576176231562,0.0007999999999999999,0.0003,0.0005,4373,1154,1333,496,444,126,126
0.006029183883278967,-0.004516165053939139,0.0007999999999999999,0.0003,0.0005,4374,1181,1270,570,445,125,125
0.0068867552636871655,-0.004171382079777308,0.0007999999999999999,0.0003,0.0005,4365,1161,1369,648,446,118,118
0.006205601148364545,-0.004180030808414627,0.0007999999999999999,0.0003,0.0005,4371,1153,1311,623,447,123,123
0.007072097110659037,-0.004054473007031145,0.0007999999999999999,0.0003,0.0005,4379,1147,1314,632,448,120,120
0.006217089538607359,-0.003555493893270909,0.0007999999999999999,0.0003,0.0005,4367,1171,1290,675,449,120,120
0.005385830294766634,-0.003441580423200149,0.0007999999999999999,0.0003,0.0005,4378,1178,1365,794,450,104,104
0.005525048433092262,-0.0036942572941277814,0.0007999999999999999,0.0003,0.0005,4370,1160,1379,771,451,109,109
0.0053373399474299504,-0.0032929342420637804,0.0007999999999999999,0.0003,0.0005,4348,1163,1409,751,452,109,109
0.004263527309724942,-0.002869234068674708,0.0007999999999999999,0.0003,0.0005,4376,1182,1341,718,453,113,113
0.0047000119872043,-0.0036019968226174226,0.0007999999999999999,0.0003,0.0005,4376,1167,1425,627,454,116,116
0.004583327949267948,-0.0038682780751629576,0.0007999999999999999,0.0003,0.0005,4371,1153,1425,573,455,121,121
0.004936446835706712,-0.003450346348635314,0.0007999999999999999,0.0003,0.0005,4356,1157,1395,593,456,118,118
0.004879109092783764,-0.0031711923200566793,0.0007999999999999999,0.0003,0.0005,4361,1167,1394,626,457,115,115
0.004873414504635083,-0.0032749503904012964,0.0007999999999999999,0.0003,0.0005,4358,1183,1355,635,458,119,119
0.004480381644653868,-0.003065500536314343,0.0007999999999999999,0.0003,0.0005,4364,1193,1406,540,459,122,122
0.005003748928827808,-0.003380366099468742,0.0007999999999999999,0.0003,0.0005,4364,1184,1411,443,460,129,129
0.005086446351034031,-0.0034582650211825556,0.0007999999999999999,0.0003,0.0005,4348,1198,1403,468,461,126,126
0.005332742909207132,-0.002848423390209718,0.0007999999999999999,0.0003,0.0005,4362,1226,1409,375,462,134,134
0.006312212553467613,-0.0036174037098510095,0.0007999999999999999,0.0003,0.0005,4365,1226,1417,307,463,135,135
0.0060702897769887455,-0.003819447446967932,0.0007999999999999999,0.0003,0.0005,4375,1240,1424,324,464,131,131
0.006885908441961325,-0.004917787161460668,0.0007999999999999999,0.0003,0.0005,4368,1240,1385,274,465,136,136
0.006594712559193652,-0.004090897175922099,0.0007999999999999999,0.0003,0.0005,4362,1227,1435,322,466,132,132
0.006358011412325015,-0.0039014864634449374,0.0007999999999999999,0.0003,0.0005,4377,1214,1438,327,467,132,132
0.006367952962863919,-0.0037941495845153898,0.0007999999999999999,0.0003,0.0005,4377,1220,1396,297,468,132,132
0.006225792249977457,-0.0033955494347436338,0.0007999999999999999,0.0003,0.0005,4362,1245,1375,333,469,132,132
0.006708566726822351,-0.0038712861777205733,0.0007999999999999999,0.0003,0.0005,4372,1244,1396,283,470,134,134
0.006916718025956216,-0.003316918532058452,0.0007999999999999999,0.0003,0.0005,4370,1265,1370,278,471,134,134
0.0069230416959087495,-0.0034770968839353713,0.0007999999999999999,0.0003,0.0005,4378,1255,1428,279,472,132,132
0.0068982343305702565,-0.0028896285288646712,0.0007999999999999999,0.0003,0.0005,4360,1266,1476,315,473,129,129
0.0076201118893498235,-0.0029218185657450125,0.0007999999999999999,0.0003,0.0005,4362,1285,1424,231,474,133,133
0.007968566037723147,-0.0035146833422110353,0.0007999999999999999,0.0003,0.0005,4370,1276,1430,217,475,136,136
0.00708408091912087,-0.0023726276552120443,0.0007999999999999999,0.0003,0.0005,4367,1268,1427,290,476,133,133
0.006737728488839989,-0.001731244052101247,0.0007999999999999999,0.0003,0.0005,4375,1246,1441,266,477,135,135
0.0058482681501868285,-0.0012384675060016898,0.0007999999999999999,0.0003,0.0005,4359,1238,1460,318,478,134,134
0.005189742423445988,0.000984655331141464,0.0007999999999999999,0.0003,0.0005,4371,1228,1629,404,479,122,122
0.004313786132031906,-0.0010829466452487268,0.0007999999999999999,0.0003,0.0005,4344,1241,1435,463,480,131,131
0.004760928867854491,-0.0019219764008491277,0.0007999999999999999,0.0003,0.0005,4377,1234,1414,432,481,132,132
0.004766039418644496,-0.0019678946136915012,0.0007999999999999999,0.0003,0.0005,4371,1218,1387,499,482,132,132
0.004223194905818722,-0.0022303175671166678,0.0007999999999999999,0.0003,0.0005,4361,1207,1404,559,483,127,127
0.004185401924483199,-0.0019486934715245148,0.0007999999999999999,0.0003,0.0005,4364,1212,1446,598,484,122,122
0.004014071529743063,-0.0021561358807820888,0.0007999999999999999,0.0003,0.0005,4362,1210,1404,669,485,121,121
0.004251566060832509,-0.0025490344105446572,0.0007999999999999999,0.0003,0.0005,4358,1198,1392,694,486,121,121
0.004089443627106498,-0.0033645192212915756,0.0007999999999999999,0.0003,0.0005,4346,1199,1307,703,487,127,127
0.004459676230377812,-0.00201066477064279,0.0007999999999999999,0.0003,0.0005,4353,1204,1375,575,488,128,128
0.004454133661637917,-0.002067728827335347,0.0007999999999999999,0.0003,0.0005,4366,1206,1380,557,489,128,128
0.004628160212699237,-0.0017548925166908649,0.0007999999999999999,0.0003,0.0005,4352,1215,1355,444,490,135,135
0.004856440849618945,-0.0015914335555344233,0.0007999999999999999,0.0003,0.0005,4369,1214,1369,401,491,138,138
0.004811265450144061,-0.001605086423645138,0.0007999999999999999,0.0003,0.0005,4367,1228,1403,438,492,131,131
0.004821555638312364,-0.001859450294087287,0.0007999999999999999,0.0003,0.0005,4377,1220,1389,400,493,135,135
0.004410358254596197,-0.0018933919318724678,0.0007999999999999999,0.0003,0.0005,4359,1221,1262,490,494,133,133
0.005535342989606148,-0.0012061253209921289,0.0007999999999999999,0.0003,0.0005,4380,1218,1374,433,495,133,133
0.0057149211477858924,-0.001132342846904124,0.0007999999999999999,0.0003,0.0005,4373,1221,1426,370,496,137,137
0.005861979528817885,0.0012273544193453158,0.0007999999999999999,0.0003,0.0005,4417,1217,1600,343,497,125,125
0.005615824757509727,0.0010364012031946475,0.0007999999999999999,0.0003,0.0005,4400,1215,1488,371,498,131,131
0.0060924890217502695,0.0008438367294078304,0.0007999999999999999,0.0003,0.0005,4376,1224,1426,313,499,137,137
0.006084045352564438,0.0008305651301225863,0.0007999999999999999,0.0003,0.0005,4370,1221,1412,310,500,138,138
0.00569965838327653,0.0008908356855284058,0.0007999999999999999,0.0003,0.0005,4376,1224,1396,311,501,136,136
0.004926743555149402,-0.0009239308843871685,0.0007999999999999999,0.0003,0.0005,4393,1218,1410,415,502,130,130
0.00410382426753181,-0.0009846210686191036,0.0007999999999999999,0.0003,0.0005,4391,1208,1336,435,503,135,135
0.003923772215652409,0.0008435548959451139,0.0007999999999999999,0.0003,0.0005,4407,1201,1364,457,504,131,131
0.0036695776616056516,-0.0008228666917343802,0.0007999999999999999,0.0003,0.0005,4393,1200,1391,510,505,128,128
0.0033520667978083874,0.000806597324605474,0.0007999999999999999,0.0003,0.0005,4390,1197,1379,519,506,127,127
0.00343113351411163,-0.0009413758198556763,0.0007999999999999999,0.0003,0.0005,4391,1201,1382,613,507,122,122
0.0034913780603435187,-0.001456705769400638,0.0007999999999999999,0.0003,0.0005,4395,1201,1361,703,508,118,118
0.0038493007691238063,-0.0013778625151110479,0.0007999999999999999,0.0003,0.0005,4377,1202,1370,941,509,105,105
0.004524403332205665,-0.0022939136707387257,0.0007999999999999999,0.0003,0.0005,4386,1193,1364,1058,510,95,95
0.0040665873841561955,-0.002708764073245167,0.0007999999999999999,0.0003,0.0005,4372,1199,1338,1076,511,94,94
0.00466401401754545,-0.0029238256601352213,0.0007999999999999999,0.0003,0.0005,4401,1192,1332,834,512,106,106
0.004731762422116945,-0.0028268119532890365,0.0007999999999999999,0.0003,0.0005,4377,1202,1342,918,513,101,101
0.004091837769991171,-0.002985262259897052,0.0007999999999999999,0.0003,0.0005,4368,1197,1330,962,514,100,100
0.0038122631289696997,-0.0032965970141642037,0.0007999999999999999,0.0003,0.0005,4379,1172,1326,948,515,101,101
0.0033512545807494716,-0.003652245108475104,0.0007999999999999999,0.0003,0.0005,4381,1175,1364,938,516,99,99
0.0030175034264781036,-0.0030803956808580857,0.0007999999999999999,0.0003,0.0005,4369,1185,1373,867,517,103,103
0.004074162360569734,-0.0032921071417784777,0.0007999999999999999,0.0003,0.0005,4372,1182,1390,894,518,104,104
0.0039559810731754136,-0.003555532025376268,0.0007999999999999999,0.0003,0.0005,4373,1195,1379,946,519,102,102
0.00394277813384816,-0.0036050332627865,0.0007999999999999999,0.0003,0.0005,4372,1201,1346,741,520,112,112
0.002997862693110243,-0.0030090851647863698,0.0007999999999999999,0.0003,0.0005,4365,1222,1343,773,521,108,108
0.004058178250046271,-0.0025999082656031933,0.0007999999999999999,0.0003,0.0005,4354,1218,1326,566,522,125,125
0.005151971195658259,-0.0037538882340447284,0.0007999999999999999,0.0003,0.0005,4371,1215,1330,467,523,129,129
0.005385307283386528,-0.003996099159529273,0.0007999999999999999,0.0003,0.0005,4374,1224,1346,380,524,132,132
0.007247147435175659,-0.004657204617797633,0.0007999999999999999,0.0003,0.0005,4367,1251,1362,287,525,136,136
0.00747710848888766,-0.004236950222479392,0.0007999999999999999,0.0003,0.0005,4377,1227,1369,302,526,135,135
0.007096046452158997,-0.0032302188546003687,0.0007999999999999999,0.0003,0.0005,4369,1220,1427,334,527,133,133
0.00662133744752612,-0.003097362913629291,0.0007999999999999999,0.0003,0.0005,4364,1220,1423,363,528,133,133
0.006863224266625137,-0.004013221386581476,0.0007999999999999999,0.0003,0.0005,4359,1220,1419,358,529,132,132
0.007145197892782437,-0.004989692808272306,0.0007999999999999999,0.0003,0.0005,4350,1237,1439,314,530,133,133
0.00705558258653335,-0.004470492234178652,0.0007999999999999999,0.0003,0.0005,4374,1237,1454,320,531,132,132
0.006923305044313096,-0.003944603963466543,0.0007999999999999999,0.0003,0.0005,4361,1238,1464,304,532,131,131
0.007014380094992509,-0.003947764668064871,0.0007999999999999999,0.0003,0.0005,4380,1229,1440,301,533,134,134
0.0064074440291405745,-0.003038793061306664,0.0007999999999999999,0.0003,0.0005,4387,1225,1454,364,534,127,127
0.006219896216524572,-0.0033678834137642953,0.0007999999999999999,0.0003,0.0005,4401,1227,1437,331,535,127,127
0.006599073565960535,-0.0035532607742744683,0.0007999999999999999,0.0003,0.0005,4389,1233,1430,326,536,130,130
0.006473904132461653,-0.0038593217152477688,0.0007999999999999999,0.0003,0.0005,4402,1216,1426,321,537,133,133
0.005793160475046355,-0.0036228476188221517,0.0007999999999999999,0.0003,0.0005,4385,1215,1422,391,538,129,129
0.0051240194551176255,-0.0032358740712216125,0.0007999999999999999,0.0003,0.0005,4382,1215,1425,401,539,128,128
0.0044779427099826226,-0.002466757976501126,0.0007999999999999999,0.0003,0.0005,4382,1216,1391,541,540,122,122
0.00513503932090907,-0.002368221037752277,0.0007999999999999999,0.0003,0.0005,4334,1244,1435,538,541,124,124
0.004640803387859671,-0.0018189219783730085,0.0007999999999999999,0.0003,0.0005,4342,1259,1415,605,542,119,119
0.0037699439397878716,-0.0019113039948379707,0.0007999999999999999,0.0003,0.0005,4340,1245,1444,643,543,117,117
0.004100712121300621,-0.0028777547318642373,0.0007999999999999999,0.0003,0.0005,4344,1251,1432,725,544,111,111
0.004209355713870399,-0.00289768812923935,0.0007999999999999999,0.0003,0.0005,4361,1247,1425,934,545,99,99
0.004164132680764171,-0.0032458312484915006,0.0007999999999999999,0.0003,0.0005,4333,1239,1412,917,546,97,97
0.004039744611485095,-0.003102837050067066,0.0007999999999999999,0.0003,0.0005,4331,1234,1412,894,547,98,98
0.005086069910793508,-0.003276464823491015,0.0007999999999999999,0.0003,0.0005,4359,1233,1435,938,548,99,99
0.004279095922118004,-0.0032499832380801378,0.0007999999999999999,0.0003,0.0005,4364,1242,1391,915,549,103,103
0.003944399397563242,-0.0029560380416902387,0.0007999999999999999,0.0003,0.0005,4361,1247,1393,920,550,96,96
0.004100670866971564,-0.0029342137145333333,0.0007999999999999999,0.0003,0.0005,4355,1242,1411,910,551,95,95
0.004308854056910109,-0.002785507286032119,0.0007999999999999999,0.0003,0.0005,4340,1239,1434,955,552,93,93
0.003957063677464781,-0.0028570839051303043,0.0007999999999999999,0.0003,0.0005,4346,1251,1428,885,553,93,93
0.003985184164186188,-0.002373871722059261,0.0007999999999999999,0.0003,0.0005,4363,1254,1430,851,554,94,94
0.003459846615210091,-0.002363070397585976,0.0007999999999999999,0.0003,0.0005,4347,1255,1305,919,555,96,96
0.002986413302663343,-0.002047820739726827,0.0007999999999999999,0.0003,0.0005,4340,1246,1421,999,556,83,83
0.0027113722849224585,-0.0018428451163440848,0.0007999999999999999,0.0003,0.0005,4340,1250,1440,812,557,95,95
0.0032999649186219804,-0.0021383276313280603,0.0007999999999999999,0.0003,0.0005,4364,1236,1458,746,558,101,101
0.00324469947820636,-0.0016732451056587696,0.0007999999999999999,0.0003,0.0005,4359,1251,1451,738,559,101,101
0.0034183570816130916,-0.0021622055871286195,0.0007999999999999999,0.0003,0.0005,4352,1261,1439,681,560,107,107
0.003716281260643282,-0.002922959991702247,0.0007999999999999999,0.0003,0.0005,4358,1265,1420,549,561,115,115
0.003340492620816401,-0.0023221544321527215,0.0007999999999999999,0.0003,0.0005,4348,1243,1375,646,562,113,113
0.0033723564378262804,-0.0022757298977745142,0.0007999999999999999,0.0003,0.0005,4365,1234,1445,601,563,110,110
0.003839667859153605,-0.0022137877317079968,0.0007999999999999999,0.0003,0.0005,4372,1221,1464,541,564,114,114
0.0036548754792464612,-0.0015798330408582334,0.0007999999999999999,0.0003,0.0005,4380,1225,1424,522,565,119,119
0.0036128904922977678,-0.001706336590065609,0.0007999999999999999,0.0003,0.0005,4386,1232,1409,514,566,121,121
0.004370566088187302,-0.0029417218247319576,0.0007999999999999999,0.0003,0.0005,4357,1216,1391,482,567,123,123
0.004302505002042727,-0.002041324524592148,0.0007999999999999999,0.0003,0.0005,4388,1218,1379,484,568,125,125
0.004480435004024367,-0.001424661053590639,0.0007999999999999999,0.0003,0.0005,4360,1230,1446,510,569,124,124
0.004508657304704788,-0.001792067330717753,0.0007999999999999999,0.0003,0.0005,4364,1211,1406,521,570,124,124
0.003986927966426732,-0.0016488968813266642,0.0007999999999999999,0.0003,0.0005,4364,1208,1398,589,571,125,125
0.004209663592416569,-0.001788059226445132,0.0007999999999999999,0.0003,0.0005,4374,1186,1358,756,572,117,117
0.004776583368849584,-0.0026510513167676266,0.0007999999999999999,0.0003,0.0005,4369,1189,1362,751,573,113,113
0.004803392444440352,-0.0025620274673171187,0.0007999999999999999,0.0003,0.0005,4353,1177,1326,788,574,113,113
0.004838308936136984,-0.0025419323925651113,0.0007999999999999999,0.0003,0.0005,4359,1172,1387,672,575,118,118
0.004632979941253886,-0.002453517594752726,0.0007999999999999999,0.0003,0.0005,4360,1174,1393,710,576,116,116
0.004789418716593239,-0.0026346047881054967,0.0007999999999999999,0.0003,0.0005,4362,1164,1376,726,577,113,113
0.004342253934718082,-0.0024206546851198874,0.0007999999999999999,0.0003,0.0005,4366,1177,1370,720,578,119,119
0.005045470861251203,-0.0024327633970895515,0.0007999999999999999,0.0003,0.0005,4392,1171,1384,779,579,113,113
0.004693477721164456,-0.0022525402408770014,0.0007999999999999999,0.0003,0.0005,4374,1172,1393,748,580,116,116
0.004749186737433933,-0.003051414057497084,0.0007999999999999999,0.0003,0.0005,4382,1167,1406,682,581,117,117
0.003751148923511314,-0.0022294847712115307,0.0007999999999999999,0.0003,0.0005,4351,1176,1440,737,582,118,118
0.003887076581419902,-0.002690669145868833,0.0007999999999999999,0.0003,0.0005,4380,1159,1400,740,583,119,119
0.004008380493516756,-0.002784387314904362,0.0007999999999999999,0.0003,0.0005,4396,1157,1366,749,584,117,117
0.00438611378963911,-0.002704438072938067,0.0007999999999999999,0.0003,0.0005,4368,1151,1363,867,585,111,111
0.0048034993503400835,-0.002681337453514924,0.0007999999999999999,0.0003,0.0005,4396,1150,1354,780,586,113,113
0.005142318858696205,-0.0028786160175816567,0.0007999999999999999,0.0003,0.0005,4369,1150,1327,743,587,111,111
0.004829468872331459,-0.003152164364009849,0.0007999999999999999,0.0003,0.0005,4385,1152,1353,744,588,113,113
0.004754951124015086,-0.00268603103492902,0.0007999999999999999,0.0003,0.0005,4387,1144,1364,664,589,118,118
0.004838234093292681,-0.001817184890586419,0.0007999999999999999,0.0003,0.0005,4375,1152,1333,687,590,121,121
0.004689858699268363,-0.0017382060661672069,0.0007999999999999999,0.0003,0.0005,4399,1160,1343,760,591,119,119
0.004620068898461908,-0.001804953559735245,0.0007999999999999999,0.0003,0.0005,4402,1161,1328,629,592,125,125
0.004993989450102307,-0.0019171738712587684,0.0007999999999999999,0.0003,0.0005,4392,1156,1307,726,593,119,119
