ticker,factor,exposure_x,f_pred,contribution,abs_contribution
AIRS,mom_1,3.7413868549502793,-0.005085052940077675,-0.019025150226732884,0.019025150226732884
AIRS,intraday_return,4.334028932544602,0.0037360590374408056,0.01619218796196319,0.01619218796196319
AIRS,hl_range_20,2.49088346333108,0.006177222841425983,0.015386742225019007,0.015386742225019007
AIRS,close_to_low_20,2.0166033272101207,-0.0032225321331970126,-0.0064985690218466235,0.0064985690218466235
AIRS,log_dollar_vol_20,0.4012986199121916,-0.010274146601121012,-0.004123000851805396,0.004123000851805396
AIRS,parkinson_vol_20,1.705448047432764,-0.0021859595790595606,-0.0037280404958740746,0.0037280404958740746
AIRS,volatility_10,3.016070731009759,-0.0011484015577332318,-0.0034636603257252145,0.0034636603257252145
AIRS,volatility_63,1.1498241689289008,-0.002905352314281089,-0.0033406443102139117,0.0033406443102139117
AIRS,close_to_high_20,-2.5986582508746197,-0.001129524163953435,0.0029352472882198505,0.0029352472882198505
AIRS,mom_21,-1.0402884447040592,0.002548446193931107,-0.0026511191274965706,0.0026511191274965706
AIRS,volatility_20,2.672922310563383,-0.0009111341832442506,-0.002435390886310503,0.002435390886310503
AIRS,volume_mom_20_60,-0.7711234149557272,0.002684682119338205,-0.002070221243934656,0.002070221243934656
AIRS,mom_10,3.0233050636027925,0.0005202704986043527,0.001572936432873689,0.001572936432873689
AIRS,mom_126,1.549899143043055,0.0009527757071277487,0.0014767062519895385,0.0014767062519895385
AIRS,log_dollar_vol_60,0.12439284816856691,0.00966190435657122,0.0012018718016461789,0.0012018718016461789
AIRS,mom_63,-0.6444310163502261,0.0013478565320215222,-0.0008686005548249207,0.0008686005548249207
AIRS,volatility_126,0.7714903773414777,0.000538676627532529,0.0004155838346401054,0.0004155838346401054
AIRS,amihud_20,-0.3280404795240224,0.0010196472147476674,-0.00033448556127115865,0.00033448556127115865
AIRS,price_skew_63,0.3137598477587914,-0.0006909381256791506,-0.00021678864112383497,0.00021678864112383497
AIRS,volume_z_60,0.2743976665724443,0.0006775859129223166,0.0001859279934082431,0.0001859279934082431
AIRS,price_kurt_63,-0.43168461197156033,0.00039604122508174775,-0.00017096490257415567,0.00017096490257415567
AIRS,dist_52w_low,0.5506382524112613,-0.00027632005200206925,-0.00015215239054060825,0.00015215239054060825
AIRS,mom_5,-0.13081325571303296,-0.0011376876621163195,0.00014882462706598473,0.00014882462706598473
AIRS,volume_z_20,0.37352338778034444,0.00036207862382485115,0.00013524483421390333,0.00013524483421390333
AIRS,overnight_return,-0.05268565509462216,0.002463074336493865,-0.0001297686849649311,0.0001297686849649311
AIRS,dist_52w_high,-0.010955564958035572,-0.0005560980634691577,6.092368457374145e-06,6.092368457374145e-06
ALGM,log_dollar_vol_20,1.2820979679375422,-0.010274146601121012,-0.013172462479589656,0.013172462479589656
ALGM,log_dollar_vol_60,0.954386961312858,0.00966190435657122,0.00922119553936347,0.00922119553936347
ALGM,mom_1,0.7745215801423173,-0.005085052940077675,-0.003938483238256297,0.003938483238256297
ALGM,intraday_return,0.9410842929311782,0.0037360590374408056,0.003515946477599119,0.003515946477599119
ALGM,volume_mom_20_60,-0.8637378249809968,0.002684682119338205,-0.002318861494522554,0.002318861494522554
ALGM,mom_21,-0.8627616244364061,0.002548446193931107,-0.0021987015780647783,0.0021987015780647783
ALGM,mom_63,-0.9205575487109725,0.0013478565320215222,-0.0012407795051318049,0.0012407795051318049
ALGM,hl_range_20,0.17783786180395744,0.006177222841425983,0.0010985441020057633,0.0010985441020057633
ALGM,close_to_high_20,-0.9284649322599317,-0.001129524163953435,0.001048723576370982,0.001048723576370982
ALGM,mom_5,0.8982861986619327,-0.0011376876621163195,-0.00102196912526705,0.00102196912526705
ALGM,mom_126,-0.9095272778850199,0.0009527757071277487,-0.0008665754953388762,0.0008665754953388762
ALGM,close_to_low_20,-0.24404742269775728,-0.0032225321331970126,0.0007864506616674368,0.0007864506616674368
ALGM,parkinson_vol_20,-0.22777609729456985,-0.0021859595790595606,0.0004979093417618674,0.0004979093417618674
ALGM,amihud_20,-0.37476520068294694,0.0010196472147476674,-0.0003821282930607175,0.0003821282930607175
ALGM,volume_z_20,-1.0487009242738254,0.00036207862382485115,-0.00037971218746491613,0.00037971218746491613
ALGM,volume_z_60,-0.4057111910933369,0.0006775859129223166,-0.0002749041877997791,0.0002749041877997791
ALGM,dist_52w_high,-0.40959109253318443,-0.0005560980634691577,0.0002277728133719204,0.0002277728133719204
ALGM,overnight_return,-0.05268565509462216,0.002463074336493865,-0.0001297686849649311,0.0001297686849649311
ALGM,volatility_10,0.08631660883690723,-0.0011484015577332318,-9.91261280465543e-05,9.91261280465543e-05
ALGM,mom_10,0.17387717974298744,0.0005202704986043527,9.046316700080273e-05,9.046316700080273e-05
ALGM,volatility_20,0.08646192867776963,-0.0009111341832442506,-7.877841876754227e-05,7.877841876754227e-05
ALGM,dist_52w_low,-0.2762429909743466,-0.00027632005200206925,7.633147763123861e-05,7.633147763123861e-05
ALGM,volatility_126,0.0,0.000538676627532529,0.0,0.0
ALGM,volatility_63,0.0,-0.002905352314281089,-0.0,0.0
ALGM,price_skew_63,0.0,-0.0006909381256791506,-0.0,0.0
ALGM,price_kurt_63,0.0,0.00039604122508174775,0.0,0.0
BWEN,hl_range_20,4.929105299944306,0.006177222841425983,0.030448181846609836,0.030448181846609836
BWEN,mom_1,4.14136939262187,-0.005085052940077675,-0.021059082605899535,0.021059082605899535
BWEN,close_to_low_20,5.051064104340568,-0.0032225321331970126,-0.01627721638307547,0.01627721638307547
BWEN,intraday_return,4.334028932544602,0.0037360590374408056,0.01619218796196319,0.01619218796196319
BWEN,parkinson_vol_20,6.53031942487463,-0.0021859595790595606,-0.014275014301123419,0.014275014301123419
BWEN,mom_21,3.8890769836646606,0.002548446193931107,0.009911103436925275,0.009911103436925275
BWEN,log_dollar_vol_20,0.8099173759717562,-0.010274146601121012,-0.008321209855529067,0.008321209855529067
BWEN,volatility_63,2.0557866647971346,-0.002905352314281089,-0.005972784544236556,0.005972784544236556
BWEN,volatility_10,4.85229427311382,-0.0011484015577332318,-0.005572382301823951,0.005572382301823951
BWEN,mom_63,3.3452525624802556,0.0013478565320215222,0.004508920517600748,0.004508920517600748
BWEN,volatility_20,4.365145981089737,-0.0009111341832442506,-0.00397723371822212,0.00397723371822212
BWEN,mom_5,3.4755155042045254,-0.0011376876621163195,-0.003954051108627468,0.003954051108627468
BWEN,mom_126,3.5735136113075052,0.0009527757071277487,0.0034047569579441434,0.0034047569579441434
BWEN,log_dollar_vol_60,0.3295016119773113,0.00966190435657122,0.0031836130602608237,0.0031836130602608237
BWEN,volume_mom_20_60,0.590445489371564,0.002684682119338205,0.0015851584477597342,0.0015851584477597342
BWEN,volume_z_60,2.287964496736266,0.0006775859129223166,0.0015502925122548915,0.0015502925122548915
BWEN,dist_52w_low,3.5723610200718956,-0.00027632005200206925,-0.0009871149828364313,0.0009871149828364313
BWEN,close_to_high_20,0.7150197290183291,-0.001129524163953435,-0.0008076320616296398,0.0008076320616296398
BWEN,dist_52w_high,1.120620125996767,-0.0005560980634691577,-0.0006231746819513656,0.0006231746819513656
BWEN,mom_10,1.0617572435508855,0.0005202704986043527,0.0005524009704990023,0.0005524009704990023
BWEN,volume_z_20,1.365870406844396,0.00036207862382485115,0.0004945524772333085,0.0004945524772333085
BWEN,price_skew_63,0.7011817770060405,-0.0006909381256791506,-0.0004844732227649297,0.0004844732227649297
BWEN,amihud_20,-0.3503368530211385,0.0010196472147476674,-0.00035721999640646676,0.00035721999640646676
BWEN,price_kurt_63,-0.34061651844955193,0.00039604122508174775,-0.0001348981832498403,0.0001348981832498403
BWEN,overnight_return,0.04792250032857259,0.002463074336493865,0.00011803668069992596,0.00011803668069992596
BWEN,volatility_126,0.0,0.000538676627532529,0.0,0.0
CDW,log_dollar_vol_20,1.6044012805957835,-0.010274146601121012,-0.016483853963867368,0.016483853963867368
CDW,log_dollar_vol_60,1.2913966311901508,0.00966190435657122,0.012477350736957514,0.012477350736957514
CDW,volume_mom_20_60,-1.1162116121879766,0.002684682119338205,-0.0029966733566387316,0.0029966733566387316
CDW,hl_range_20,-0.38369192557222526,0.006177222841425983,-0.0023701505267154682,0.0023701505267154682
CDW,close_to_low_20,-0.44284677090574315,-0.0032225321331970126,0.0014270879493262932,0.0014270879493262932
CDW,mom_1,0.24004426887166155,-0.005085052940077675,-0.0012206378151746386,0.0012206378151746386
CDW,intraday_return,0.31796927618708926,0.0037360590374408056,0.0011879519879272864,0.0011879519879272864
CDW,mom_21,-0.4049949937346238,0.002548446193931107,-0.0010321079503441545,0.0010321079503441545
CDW,parkinson_vol_20,-0.3763634779241487,-0.0021859595790595606,0.0008227153497764643,0.0008227153497764643
CDW,mom_63,-0.5604741731731158,0.0013478565320215222,-0.0007554387753407459,0.0007554387753407459
CDW,mom_126,-0.7527691948380807,0.0009527757071277487,-0.0007172202019158384,0.0007172202019158384
CDW,mom_10,-0.9590873629713924,0.0005202704986043527,-0.0004989848605382601,0.0004989848605382601
CDW,close_to_high_20,-0.3713750077004673,-0.001129524163953435,0.0004194770450860708,0.0004194770450860708
CDW,mom_5,-0.3648799975015938,-0.0011376876621163195,0.00041511947131059676,0.00041511947131059676
CDW,amihud_20,-0.376123405983641,0.0010196472147476674,-0.0003835131833126257,0.0003835131833126257
CDW,volatility_20,-0.3472993435877434,-0.0009111341832442506,0.00031643630376108293,0.00031643630376108293
CDW,volume_z_60,-0.43342059853933695,0.0006775859129223166,-0.0002936796919406135,0.0002936796919406135
CDW,dist_52w_low,-0.5541650550244553,-0.00027632005200206925,0.00015312691682208706,0.00015312691682208706
CDW,overnight_return,-0.05268565509462216,0.002463074336493865,-0.0001297686849649311,0.0001297686849649311
CDW,volume_z_20,-0.15489840390509305,0.00036207862382485115,-5.608540091862204e-05,5.608540091862204e-05
CDW,volatility_10,0.018590999482800085,-0.0011484015577332318,-2.1349932765865325e-05,2.1349932765865325e-05
CDW,dist_52w_high,0.026484262955713805,-0.0005560980634691577,-1.4727847342080397e-05,1.4727847342080397e-05
CDW,volatility_126,0.0,0.000538676627532529,0.0,0.0
CDW,volatility_63,0.0,-0.002905352314281089,-0.0,0.0
CDW,price_skew_63,0.0,-0.0006909381256791506,-0.0,0.0
CDW,price_kurt_63,0.0,0.00039604122508174775,0.0,0.0
FIGR,mom_1,-3.772059106185695,-0.005085052940077675,0.019181120248056335,0.019181120248056335
FIGR,log_dollar_vol_20,1.7271878751824445,-0.010274146601121012,-0.017745381437303136,0.017745381437303136
FIGR,intraday_return,-4.217103556212181,0.0037360590374408056,-0.01575534785301028,0.01575534785301028
FIGR,hl_range_20,1.8821691843900457,0.006177222841425983,0.011626578477242303,0.011626578477242303
FIGR,log_dollar_vol_60,1.1084991464014586,0.00966190435657122,0.010710212731871732,0.010710212731871732
FIGR,volume_mom_20_60,1.5294558065957986,0.002684682119338205,0.004106102656285733,0.004106102656285733
FIGR,mom_5,-3.062654469662948,-0.0011376876621163195,0.0034843442034609355,0.0034843442034609355
FIGR,parkinson_vol_20,0.9520923317523816,-0.0021859595790595606,-0.0020812353527432715,0.0020812353527432715
FIGR,volatility_10,1.7616743430140758,-0.0011484015577332318,-0.0020231095597360326,0.0020231095597360326
FIGR,close_to_low_20,0.5982799065136397,-0.0032225321331970126,-0.0019279762233863087,0.0019279762233863087
FIGR,close_to_high_20,-1.3769100525802178,-0.001129524163953435,0.0015552531759797509,0.0015552531759797509
FIGR,mom_21,-0.42763719680804835,0.002548446193931107,-0.0010898103865888385,0.0010898103865888385
FIGR,volume_z_60,1.4585040398495699,0.0006775859129223166,0.0009882617913423576,0.0009882617913423576
FIGR,volatility_20,1.021233233599668,-0.0009111341832442506,-0.0009304805081977185,0.0009304805081977185
FIGR,mom_126,0.8661733965488444,0.0009527757071277487,0.0008252689703920691,0.0008252689703920691
FIGR,mom_10,-1.3040441422731794,0.0005202704986043527,-0.0006784556961025525,0.0006784556961025525
FIGR,overnight_return,0.22598349658450181,0.002463074336493865,0.0005566141509084354,0.0005566141509084354
FIGR,amihud_20,-0.3755959775414526,0.0010196472147476674,-0.00038297539237056955,0.00038297539237056955
FIGR,dist_52w_high,0.45529468585795074,-0.0005560980634691577,-0.0002531884931134049,0.0002531884931134049
FIGR,price_kurt_63,-0.5051532303592496,0.00039604122508174775,-0.00020006150420547955,0.00020006150420547955
FIGR,volume_z_20,0.34664096771827085,0.00036207862382485115,0.00012551128455274616,0.00012551128455274616
FIGR,volatility_126,-0.22598040764830155,0.000538676627532529,-0.00012173036388041319,0.00012173036388041319
FIGR,dist_52w_low,-0.26714545190834055,-0.00027632005200206925,7.381764516342895e-05,7.381764516342895e-05
FIGR,volatility_63,-0.012841727869568813,-0.002905352314281089,3.730974378521971e-05,3.730974378521971e-05
FIGR,mom_63,-0.016885202471575232,0.0013478565320215222,-2.275883044581863e-05,2.275883044581863e-05
FIGR,price_skew_63,-0.03284146210183055,-0.0006909381256791506,2.269141826920166e-05,2.269141826920166e-05
FLNC,log_dollar_vol_20,1.7790228769215055,-0.010274146601121012,-0.01827794184423961,0.01827794184423961
FLNC,hl_range_20,2.015009606960787,0.006177222841425983,0.012447163369810966,0.012447163369810966
FLNC,log_dollar_vol_60,1.1652905241861964,0.00966190435657122,0.011258925592305772,0.011258925592305772
FLNC,mom_21,-2.494557238302507,0.002548446193931107,-0.006357244899495317,0.006357244899495317
FLNC,volume_mom_20_60,1.6534563448111617,0.002684682119338205,0.004439004684020831,0.004439004684020831
FLNC,mom_63,-2.991538244794872,0.0013478565320215222,-0.004032164364038968,0.004032164364038968
FLNC,mom_5,2.491321114933655,-0.0011376876621163195,-0.0028343452948298925,0.0028343452948298925
FLNC,parkinson_vol_20,1.1732252550211921,-0.0021859595790595606,-0.002564622984608171,0.002564622984608171
FLNC,close_to_low_20,0.6724043755016358,-0.0032225321331970126,-0.0021668447065562916,0.0021668447065562916
FLNC,close_to_high_20,-1.7803743351231462,-0.001129524163953435,0.0020109758324041247,0.0020109758324041247
FLNC,mom_126,-1.7638627285326136,0.0009527757071277487,-0.0016805655584539413,0.0016805655584539413
FLNC,intraday_return,0.43929892151714317,0.0037360590374408056,0.0016412467058721219,0.0016412467058721219
FLNC,mom_1,0.32232657478887666,-0.005085052940077675,-0.001639047696795344,0.001639047696795344
FLNC,volatility_10,1.1910262018944466,-0.0011484015577332318,-0.0013677763455566773,0.0013677763455566773
FLNC,volatility_20,0.9802860117252497,-0.0009111341832442506,-0.0008931720946390492,0.0008931720946390492
FLNC,volatility_63,0.2806494945899981,-0.002905352314281089,-0.0008153856586088689,0.0008153856586088689
FLNC,mom_10,1.3060301669161964,0.0005202704986043527,0.0006794889661338154,0.0006794889661338154
FLNC,dist_52w_low,1.5516774964603879,-0.00027632005200206925,-0.000428759606512375,0.000428759606512375
FLNC,dist_52w_high,-0.6924482607113885,-0.0005560980634691577,0.0003850691368341896,0.0003850691368341896
FLNC,amihud_20,-0.3757527461555914,0.0010196472147476674,-0.00038313524105133606,0.00038313524105133606
FLNC,price_skew_63,-0.5192336751831205,-0.0006909381256791506,0.0003587583423205221,0.0003587583423205221
FLNC,overnight_return,-0.08542796522991525,0.002463074336493865,-0.00021041542877669447,0.00021041542877669447
FLNC,volatility_126,0.3521011395306059,0.000538676627532529,0.0001896686543927072,0.0001896686543927072
FLNC,volume_z_60,0.20885551861310758,0.0006775859129223166,0.0001415175572483264,0.0001415175572483264
FLNC,price_kurt_63,0.2200068636202249,0.00039604122508174775,8.713178779454687e-05,8.713178779454687e-05
FLNC,volume_z_20,-0.025145032330798227,0.00036207862382485115,-9.104478702366812e-06,9.104478702366812e-06
MNST,log_dollar_vol_20,1.7775660262829154,-0.010274146601121012,-0.018262973947202797,0.018262973947202797
MNST,hl_range_20,-0.7612055517842483,0.006177222841425983,-0.0047021363215019275,0.0047021363215019275
MNST,close_to_low_20,-0.6625151316896964,-0.0032225321331970126,0.0021349763005992974,0.0021349763005992974
MNST,parkinson_vol_20,-0.47292825165311786,-0.0021859595790595606,0.0010338020419090235,0.0010338020419090235
MNST,volatility_10,-0.8009418290793271,-0.0011484015577332318,0.0009198028441684032,0.0009198028441684032
MNST,mom_5,-0.7531429836963767,-0.0011376876621163195,0.0008568414803608401,0.0008568414803608401
MNST,close_to_high_20,0.6593738630861505,-0.001129524163953435,-0.0007447787114351309,0.0007447787114351309
MNST,volatility_20,-0.7500790909896087,-0.0009111341832442506,0.000683422699937407,0.000683422699937407
MNST,mom_63,0.3731809439295799,0.0013478565320215222,0.0005029943729014417,0.0005029943729014417
MNST,dist_52w_high,0.8889751034944517,-0.0005560980634691577,-0.0004943573335255586,0.0004943573335255586
MNST,mom_1,-0.08736013489634711,-0.005085052940077675,0.0004442309108002522,0.0004442309108002522
MNST,amihud_20,-0.3764589793911482,0.0010196472147476674,-0.0003838553498029338,0.0003838553498029338
MNST,volume_z_20,-0.7439877665852817,0.00036207862382485115,-0.00026938206666772335,0.00026938206666772335
MNST,intraday_return,-0.06373186665652456,0.0037360590374408056,-0.0002381060163950809,0.0002381060163950809
MNST,mom_21,0.08858323476635674,0.002548446193931107,0.00022574960748642756,0.00022574960748642756
MNST,mom_10,-0.28060044190123584,0.0005202704986043527,-0.00014598813181655767,0.00014598813181655767
MNST,overnight_return,-0.05268565509462216,0.002463074336493865,-0.0001297686849649311,0.0001297686849649311
MNST,dist_52w_low,0.2612301722400083,-0.00027632005200206925,-7.218313477786859e-05,7.218313477786859e-05
MNST,mom_126,0.004561853635326115,0.0009527757071277487,4.34642332321113e-06,4.34642332321113e-06
MNST,volatility_63,0.0,-0.002905352314281089,-0.0,0.0
MNST,volatility_126,0.0,0.000538676627532529,0.0,0.0
MNST,log_dollar_vol_60,0.0,0.00966190435657122,0.0,0.0
MNST,volume_z_60,0.0,0.0006775859129223166,0.0,0.0
MNST,volume_mom_20_60,0.0,0.002684682119338205,0.0,0.0
MNST,price_skew_63,0.0,-0.0006909381256791506,-0.0,0.0
MNST,price_kurt_63,0.0,0.00039604122508174775,0.0,0.0
MSFT,log_dollar_vol_20,2.4592232980917568,-0.010274146601121012,-0.025266420689487028,0.025266420689487028
MSFT,log_dollar_vol_60,2.235894227185242,0.00966190435657122,0.02160299617447353,0.02160299617447353
MSFT,hl_range_20,-0.8192050312682378,0.006177222841425983,-0.005060412030961246,0.005060412030961246
MSFT,volatility_63,-1.0530192969528973,-0.002905352314281089,0.0030593920513847456,0.0030593920513847456
MSFT,volume_mom_20_60,1.0588372722678776,0.002684682119338205,0.0028426414921464095,0.0028426414921464095
MSFT,close_to_low_20,-0.8148539763260639,-0.0032225321331970126,0.0026258931225740987,0.0026258931225740987
MSFT,price_skew_63,-3.1150776947273,-0.0006909381256791506,0.00215232594373981,0.00215232594373981
MSFT,price_kurt_63,4.317306739261608,0.00039604122508174775,0.001709831450070853,0.001709831450070853
MSFT,parkinson_vol_20,-0.4753309760698578,-0.0021859595790595606,0.0010390543003636365,0.0010390543003636365
MSFT,volatility_10,-0.8424173870675911,-0.0011484015577332318,0.0009674334395699805,0.0009674334395699805
MSFT,mom_1,-0.16115033762253206,-0.005085052940077675,0.0008194579981219666,0.0008194579981219666
MSFT,mom_5,-0.7093885090876403,-0.0011376876621163195,0.0008070625544360989,0.0008070625544360989
MSFT,volatility_20,-0.8186887035574857,-0.0009111341832442506,0.0007459352632471441,0.0007459352632471441
MSFT,close_to_high_20,0.5257598828075261,-0.001129524163953435,-0.0005938584920684269,0.0005938584920684269
MSFT,volatility_126,-1.0958882657775757,0.000538676627532529,-0.0005903293951615362,0.0005903293951615362
MSFT,intraday_return,-0.14975943496988292,0.0037360590374408056,-0.0005595100904612597,0.0005595100904612597
MSFT,mom_21,0.1912320740048068,0.002548446193931107,0.0004873446511551017,0.0004873446511551017
MSFT,dist_52w_high,0.8016597873592414,-0.0005560980634691577,-0.00044580145531157085,0.00044580145531157085
MSFT,amihud_20,-0.37660595808843106,0.0010196472147476674,-0.0003840052162222455,0.0003840052162222455
MSFT,mom_63,0.26592088509906814,0.0013478565320215222,0.0003584232019817237,0.0003584232019817237
MSFT,dist_52w_low,-0.6114948103768204,-0.00027632005200206925,0.0001689682778023185,0.0001689682778023185
MSFT,mom_10,-0.2538656789849214,0.0005202704986043527,-0.0001320788233840176,0.0001320788233840176
MSFT,volume_z_20,-0.3612945162196574,0.00036207862382485115,-0.00013081702122827893,0.00013081702122827893
MSFT,overnight_return,-0.05268565509462216,0.002463074336493865,-0.0001297686849649311,0.0001297686849649311
MSFT,volume_z_60,-0.1444445112367822,0.0006775859129223166,-9.78735660129929e-05,9.78735660129929e-05
MSFT,mom_126,0.047801862349712204,0.0009527757071277487,4.554445320227035e-05,4.554445320227035e-05
PENG,log_dollar_vol_20,1.3455465889615337,-0.010274146601121012,-0.013824342913629113,0.013824342913629113
PENG,log_dollar_vol_60,0.9296365936308998,0.00966190435657122,0.008982059854030418,0.008982059854030418
PENG,hl_range_20,0.7178888325146803,0.006177222841425983,0.004434559293814315,0.004434559293814315
PENG,mom_5,2.9121291017220945,-0.0011376876621163195,-0.0033130933495191073,0.0033130933495191073
PENG,close_to_low_20,0.8003986742304221,-0.0032225321331970126,-0.002579310447075823,0.002579310447075823
PENG,mom_63,-0.9942912686860826,0.0013478565320215222,-0.001340161981230503,0.001340161981230503
PENG,intraday_return,-0.28998853047334117,0.0037360590374408056,-0.0010834142700291048,0.0010834142700291048
PENG,mom_1,-0.20437477620442912,-0.005085052940077675,0.0010392565566160492,0.0010392565566160492
PENG,mom_10,1.5721674551056617,0.0005202704986043527,0.0008179523457573589,0.0008179523457573589
PENG,volume_mom_20_60,-0.24181077458427613,0.002684682119338205,-0.0006491850627897275,0.0006491850627897275
PENG,mom_126,-0.4695876876226624,0.0009527757071277487,-0.00044741174113316655,0.00044741174113316655
PENG,volatility_10,0.3754834914332621,-0.0011484015577332318,-0.0004312058264650708,0.0004312058264650708
PENG,volatility_20,0.44873255000369033,-0.0009111341832442506,-0.00040885556544272223,0.00040885556544272223
PENG,volatility_63,-0.1345776093555931,-0.002905352314281089,0.00039099536879168875,0.00039099536879168875
PENG,amihud_20,-0.37459416159695513,0.0010196472147476674,-0.0003819538935330729,0.0003819538935330729
PENG,mom_21,-0.14439233971918888,0.002548446193931107,-0.00036797610859017434,0.00036797610859017434
PENG,price_kurt_63,-0.7241944879453538,0.00039604122508174775,-0.0002868108722033269,0.0002868108722033269
PENG,volume_z_20,-0.6450997209483096,0.00036207862382485115,-0.00023357681919075943,0.00023357681919075943
PENG,parkinson_vol_20,0.07826265535858073,-0.0021859595790595606,-0.00017107900116372662,0.00017107900116372662
PENG,overnight_return,0.06356035159537571,0.002463074336493865,0.0001565538708330968,0.0001565538708330968
PENG,dist_52w_low,0.2606555426665583,-0.00027632005200206925,-7.202435310425097e-05,7.202435310425097e-05
PENG,dist_52w_high,-0.07482223016114901,-0.0005560980634691577,4.1608497297058566e-05,4.1608497297058566e-05
PENG,close_to_high_20,0.02800363316234714,-0.001129524163953435,-3.1630780335358844e-05,3.1630780335358844e-05
PENG,volume_z_60,-0.04374459021890361,0.0006775859129223166,-2.9640718098888445e-05,2.9640718098888445e-05
PENG,volatility_126,-0.05295755165151463,0.000538676627532529,-2.852699532601761e-05,2.852699532601761e-05
PENG,price_skew_63,-0.03400017375000718,-0.0006909381256791506,2.3492016323595417e-05,2.3492016323595417e-05
SITM,log_dollar_vol_20,1.8803707825132947,-0.010274146601121012,-0.019319205084006225,0.019319205084006225
SITM,log_dollar_vol_60,1.4837877408434046,0.00966190435657122,0.014336215237481858,0.014336215237481858
SITM,mom_21,-0.900128378745604,0.002548446193931107,-0.0022939287408636124,0.0022939287408636124
SITM,hl_range_20,0.3148433850933148,0.006177222841425983,0.001944857749870301,0.001944857749870301
SITM,volume_mom_20_60,-0.6484157000271554,0.002684682119338205,-0.0017407900357610693,0.0017407900357610693
SITM,mom_63,-1.2417018104748754,0.0013478565320215222,-0.001673635896071511,0.001673635896071511
SITM,intraday_return,-0.33301640100437085,0.0037360590374408056,-0.0012441689345883912,0.0012441689345883912
SITM,close_to_high_20,-0.997874488180832,-0.001129524163953435,0.0011271233469929162,0.0011271233469929162
SITM,mom_5,0.9697050484944905,-0.0011376876621163195,-0.0011032214695640892,0.0011032214695640892
SITM,overnight_return,0.3544989906921799,0.002463074336493865,0.0008731573662868858,0.0008731573662868858
SITM,volume_z_60,-1.0890018579117533,0.0006775859129223166,-0.0007378923180672343,0.0007378923180672343
SITM,volume_z_20,-1.2512762616012316,0.00036207862382485115,-0.0004530603868252784,0.0004530603868252784
SITM,amihud_20,-0.37618060050537916,0.0010196472147476674,-0.0003835715015474148,0.0003835715015474148
SITM,parkinson_vol_20,-0.1414230612560263,-0.0021859595790595606,0.00030914509545253773,0.00030914509545253773
SITM,price_kurt_63,-0.6774316064042052,0.00039604122508174775,-0.00026829084330941776,0.00026829084330941776
SITM,volatility_20,0.2885984148068934,-0.0009111341832442506,-0.00026295188096066426,0.00026295188096066426
SITM,volatility_126,-0.46907361330760905,0.000538676627532529,-0.0002526789920810404,0.0002526789920810404
SITM,mom_1,-0.04848620993173023,-0.005085052940077675,0.0002465549443665682,0.0002465549443665682
SITM,price_skew_63,-0.2815833039854234,-0.0006909381256791506,0.00019455664027823093,0.00019455664027823093
SITM,volatility_10,0.14404431197987658,-0.0011484015577332318,-0.0001654207122603019,0.0001654207122603019
SITM,mom_10,0.3000842549642715,0.0005202704986043527,0.00015612498495357722,0.00015612498495357722
SITM,dist_52w_high,0.22166522481215245,-0.0005560980634691577,-0.00012326760225649347,0.00012326760225649347
SITM,close_to_low_20,0.022143748408368857,-0.0032225321331970126,-7.135894079539885e-05,7.135894079539885e-05
SITM,dist_52w_low,-0.12375130739448313,-0.00027632005200206925,3.419496769456764e-05,3.419496769456764e-05
SITM,mom_126,0.017586349958229927,0.0009527757071277487,1.6755847017248574e-05,1.6755847017248574e-05
SITM,volatility_63,0.0,-0.002905352314281089,-0.0,0.0
TDIC,hl_range_20,4.929105299944306,0.006177222841425983,0.030448181846609836,0.030448181846609836
TDIC,close_to_low_20,5.051064104340568,-0.0032225321331970126,-0.01627721638307547,0.01627721638307547
TDIC,log_dollar_vol_20,1.485893339037388,-0.010274146601121012,-0.015266285998899332,0.015266285998899332
TDIC,parkinson_vol_20,6.694858679599033,-0.0021859595790595606,-0.014634690461119548,0.014634690461119548
TDIC,volatility_63,4.89425165525265,-0.002905352314281089,-0.014219525373262336,0.014219525373262336
TDIC,mom_21,3.8890769836646606,0.002548446193931107,0.009911103436925275,0.009911103436925275
TDIC,log_dollar_vol_60,1.0023429806611954,0.00966190435657122,0.009684542011628985,0.009684542011628985
TDIC,mom_1,1.5099783698320492,-0.005085052940077675,-0.007678319948968157,0.007678319948968157
TDIC,intraday_return,1.7169446846481322,0.0037360590374408056,0.006414606705865608,0.006414606705865608
TDIC,volatility_10,4.85229427311382,-0.0011484015577332318,-0.005572382301823951,0.005572382301823951
TDIC,mom_63,3.3452525624802556,0.0013478565320215222,0.004508920517600748,0.004508920517600748
TDIC,volatility_20,4.365145981089737,-0.0009111341832442506,-0.00397723371822212,0.00397723371822212
TDIC,mom_126,3.5735136113075052,0.0009527757071277487,0.0034047569579441434,0.0034047569579441434
TDIC,close_to_high_20,-2.6390516121702947,-0.001129524163953435,0.002980872565866617,0.002980872565866617
TDIC,volatility_126,4.532360483272657,0.000538676627532529,0.0024414766598910183,0.0024414766598910183
TDIC,mom_5,2.0054376302766235,-0.0011376876621163195,-0.0022815616491095037,0.0022815616491095037
TDIC,mom_10,3.638988663613379,0.0005202704986043527,0.0018932584464337195,0.0018932584464337195
TDIC,dist_52w_low,6.120831650594521,-0.00027632005200206925,-0.0016913085199881895,0.0016913085199881895
TDIC,volume_z_60,-0.9565097548949869,0.0006775859129223166,-0.000648117535489621,0.000648117535489621
TDIC,amihud_20,-0.367656901716097,0.0010196472147476674,-0.0003748803358175752,0.0003748803358175752
TDIC,dist_52w_high,-0.4887031739221995,-0.0005560980634691577,0.00027176688862936605,0.00027176688862936605
TDIC,price_kurt_63,-0.6426984444052286,0.00039604122508174775,-0.0002545350792803803,0.0002545350792803803
TDIC,volume_mom_20_60,0.06548099858399922,0.002684682119338205,0.00017579566605487303,0.00017579566605487303
TDIC,volume_z_20,-0.4622349635360618,0.00036207862382485115,-0.00016736539948086752,0.00016736539948086752
TDIC,overnight_return,0.05174395414849842,0.002463074336493865,0.0001274492055318817,0.0001274492055318817
TDIC,price_skew_63,0.09803812241863988,-0.0006909381256791506,-6.773827654903815e-05,6.773827654903815e-05
TIGO,log_dollar_vol_20,1.5245386732219202,-0.010274146601121012,-0.01566333382776053,0.01566333382776053
TIGO,close_to_low_20,4.2307784585115105,-0.0032225321331970126,-0.013633819530991067,0.013633819530991067
TIGO,log_dollar_vol_60,1.1014999574238418,0.00966190435657122,0.010642587237396429,0.010642587237396429
TIGO,mom_21,2.1216530561324753,0.002548446193931107,0.005406918655743108,0.005406918655743108
TIGO,hl_range_20,0.645886796166664,0.006177222841425983,0.003989786670256165,0.003989786670256165
TIGO,mom_63,1.0896380468699243,0.0013478565320215222,0.001468675759012801,0.001468675759012801
TIGO,intraday_return,0.3276460106206612,0.0037360590374408056,0.0012241048390607473,0.0012241048390607473
TIGO,volume_mom_20_60,-0.34503575050859936,0.002684682119338205,-0.0009263113099228747,0.0009263113099228747
TIGO,close_to_high_20,0.7622205948351494,-0.001129524163953435,-0.000860946580129262,0.000860946580129262
TIGO,price_skew_63,1.1511604564562488,-0.0006909381256791506,-0.0007953806481398359,0.0007953806481398359
TIGO,mom_1,0.14856562036304435,-0.005085052940077675,-0.0007554640446215624,0.0007554640446215624
TIGO,parkinson_vol_20,0.27060956038383993,-0.0021859595790595606,-0.0005915415607061514,0.0005915415607061514
TIGO,mom_126,0.5531837767514655,0.0009527757071277487,0.0005270600640659761,0.0005270600640659761
TIGO,overnight_return,-0.20271686524351973,0.002463074336493865,-0.0004993067083557985,0.0004993067083557985
TIGO,volatility_20,0.46572038146200995,-0.0009111341832442506,-0.00042433375938358926,0.00042433375938358926
TIGO,amihud_20,-0.3755750511672105,0.0010196472147476674,-0.0003829540548513589,0.0003829540548513589
TIGO,volume_z_60,-0.5498863182097659,0.0006775859129223166,-0.0003725952229276557,0.0003725952229276557
TIGO,mom_5,-0.29124071413096675,-0.0011376876621163195,0.0003313409671727469,0.0003313409671727469
TIGO,mom_10,0.3358066254732593,0.0005202704986043527,0.00017471028046961773,0.00017471028046961773
TIGO,price_kurt_63,0.2928824129719442,0.00039604122508174775,0.00011599350963830714,0.00011599350963830714
TIGO,volatility_10,-0.04353663863181572,-0.0011484015577332318,4.999754362324597e-05,4.999754362324597e-05
TIGO,volatility_63,-0.01607460918185152,-0.002905352314281089,4.6702402987656355e-05,4.6702402987656355e-05
TIGO,volume_z_20,-0.02378435223530564,0.00036207862382485115,-8.61180552592499e-06,8.61180552592499e-06
TIGO,volatility_126,0.0,0.000538676627532529,0.0,0.0
TIGO,dist_52w_low,0.0,-0.00027632005200206925,-0.0,0.0
TIGO,dist_52w_high,0.0,-0.0005560980634691577,-0.0,0.0
