ticker,alpha,z_alpha,dollar_volume,passes_signal
MVST,-0.02017113208689129,-3.689353790407586,74826.04080432,False
SMX,-0.01959993808764554,-3.567752377633677,214464.81431024996,False
CREG,-0.01899387969140361,-3.43872868812744,8280.3318,False
MNST,-0.018637363016604208,-3.3628299017425864,3436539.31324886,True
OCG,-0.018536768618087437,-3.3414143739307858,1975.035,False
ELPW,-0.017322043576840827,-3.08281172519413,54604.1,False
XOS,-0.01593951899336956,-2.788486254746677,41559.24,False
OKTA,-0.0156465195583896,-2.726109644903842,1650288.148568175,True
NTCL,-0.015014626403713469,-2.591585997190027,44.37,False
BIYA,-0.014508665211304823,-2.4838719877870803,4138.00885,False
KLIC,-0.013853954941780208,-2.344490807598022,175721.62235904,False
MEHA,-0.01370936737357691,-2.3137095798780503,21520.296,False
ODYS,-0.013533482221113505,-2.2762654137037783,25100.145618879997,False
CSGP,-0.013256652797944584,-2.217331235475053,2582073.606922635,True
SIBN,-0.0126881462792137,-2.0963019600622523,886915.454353175,False
PLBY,-0.01225038301539222,-2.0031065983961596,47118.948181585,False
MRNO,-0.01220946835054742,-1.994396280964834,350.3197,False
TAOX,-0.011745592029979567,-1.8956417142013529,714.0,False
RELY,-0.011624758091924849,-1.8699173935714244,1777542.75,True
INBX,-0.011417833347666537,-1.8258652129236634,733274.71498852,False
PSIX,-0.011068731473023131,-1.7515449623350463,1233448.02381555,True
LENZ,-0.01104392449926602,-1.7462638090675164,204780.90544379997,False
TIGO,-0.01093672112388881,-1.723441297071217,1558832.065182,True
SITM,-0.010854757158563448,-1.7059919996463895,2888346.45991286,True
BWEN,-0.010854283077625381,-1.7058910726199952,1291926.4768291414,True
HNRG,-0.010853971828108076,-1.7058248107526093,2715451.13340229,True
TDIC,-0.010848430072104015,-1.704645027071002,1079698.9939311394,True
CODX,-0.010844981811936473,-1.703910927433158,5340.6,False
BTOC,-0.010512766221095366,-1.6331855955054022,3299.9788,False
AMTX,-0.01027822069133081,-1.5832532295897297,23741.73,False
FLWS,-0.010092748636852108,-1.5437681091499642,69679.82,False
FLNC,-0.01002157557372698,-1.528616085426167,3396512.7030137093,True
PDSB,-0.009887239750377821,-1.500017350273181,13604.625,False
WOK,-0.009851258253890457,-1.4923572543821866,2280938.98851,False
PSTV,-0.009834762315551623,-1.4888454363139256,589.0,False
PENG,-0.009793722895396333,-1.4801085597415262,1135047.67511196,False
CDW,-0.009754926430812548,-1.471849185675533,4666766.805956251,False
TDUP,-0.009628633352911146,-1.4449626695064992,22888.3005,False
AIRS,-0.009551191605742377,-1.4284761064896656,213499.11555000002,False
ALGM,-0.009538913659502855,-1.4258622561854615,1800593.1274674002,False
NOTV,-0.009252612217455103,-1.3649115811465318,131.8495,False
MBAI,-0.009193850489487336,-1.3524018048755064,5064.4864,False
ETOR,-0.009190553646156363,-1.3516999403473953,1122011.2647184,False
SSP,-0.009156749560736067,-1.3445033932021768,17269.875,False
HON,-0.009114748469884425,-1.3355617866860907,4390207.0403950205,False
HBAN,-0.009095797379329978,-1.331527291596734,4140570.101792835,False
BEAM,-0.009062468999726816,-1.3244320173981932,104250.98146536,False
KMB,-0.009021250767764728,-1.3156570736045765,3907048.2710615993,False
BZFD,-0.008954925397856184,-1.3015370746300055,2040747.545677702,False
LIMN,-0.008943182831447108,-1.299037201265053,936.5957999999999,False
SBUX,-0.008917023894436573,-1.293468228724471,5986632.007254541,False
NDAQ,-0.008884680467625245,-1.2865826409917558,2861082.7995547,False
ARRY,-0.008870531588961256,-1.283570488138295,297331.48119444,False
FLEX,-0.008820798442378893,-1.2729828053298395,7007598.318557099,False
DFTX,-0.0088081703248217,-1.2702944071014661,45014.4061413,False
KOD,-0.008803775639237276,-1.2693588230854072,120930.73650000001,False
WSC,-0.008795984115089448,-1.2677000865698118,987793.2274422002,False
CHRN,-0.008739705014444252,-1.2557188364916636,26080.643087919998,False
LIN,-0.008642716495436499,-1.2350709638778659,3599506.4163619997,False
AMSC,-0.00864079506598383,-1.2346619110231465,908579.1064164899,False
TMUS,-0.008567543187667854,-1.2190673286162454,4986741.52672896,False
CDLX,-0.008515309250404264,-1.2079472528199597,104521.35297645,False
CYTK,-0.008505082129854931,-1.205770002517873,1219886.2,False
ELVA,-0.008463126506366167,-1.1968380755424832,13285.083804150001,False
GSAT,-0.008415662956333282,-1.1867335668346093,238505.35210999998,False
HROW,-0.008406539925221874,-1.1847913659827227,972200.2093898832,False
OMEX,-0.00840337127310361,-1.1841167920644415,16633.001315715,False
AKAM,-0.008386236440272542,-1.1804689598346667,4882360.071792,False
ENTG,-0.008369150345283113,-1.1768315033973664,3811632.8325605,False
SUIG,-0.00835719956977617,-1.174287304425901,21004.8,False
TRMD,-0.008355084089447504,-1.1738369401065964,335774.8666446,False
FER,-0.008310420284883869,-1.1643284688306943,235284.05976319997,False
BMRN,-0.008295840456212176,-1.1612245710887354,1361793.94277586,False
OXBR,-0.008283365220473326,-1.1585687198498658,11207.168,False
ERNA,-0.008265851352731203,-1.1548401949294538,1701783.6771689202,False
BZAI,-0.008242343804317109,-1.149835676146379,26259.6777707,False
IRWD,-0.008241305165171374,-1.1496145603999768,63138.05,False
WBD,-0.008237273449315298,-1.1487562489599947,1134756.074595925,False
CHRS,-0.00822273681890523,-1.1456615476900747,20502.0,False
TTMI,-0.008194463495776332,-1.1396424437764707,1168380.6488631,False
PTEN,-0.008163831440487091,-1.1331211896942168,414805.485,False
MERC,-0.008157037939082467,-1.1316749221046156,2444.99,False
ALKS,-0.008144729195882609,-1.1290545154397165,440919.55341279996,False
RDNT,-0.008124078011991024,-1.1246580877111576,3547243.0349999997,False
AOSL,-0.008116885916955023,-1.1231269635776113,287540.11,False
PRZO,-0.008064091962466978,-1.1118876657906158,212.95999999999998,False
MRVI,-0.00804653956610285,-1.1081509385171082,111424.59568740502,False
HAIN,-0.00800823696301329,-1.0999967025574182,3848.1372,False
LASR,-0.007993424169780263,-1.0968432090216975,778087.9983313801,False
ARDX,-0.007967624839561167,-1.0913507931220112,74437.04276583,False
ULTA,-0.007927715771576891,-1.0828545570694856,3323997.322313995,False
SGMT,-0.007922656088770913,-1.0817774018854198,43521.445,False
COKE,-0.007921206071514413,-1.0814687079089953,662716.71165598,False
CRVS,-0.007876593712749676,-1.0719711889222205,128707.52394045,False
METC,-0.00783754400670885,-1.063657902316898,2002833.6944022,False
PGEN,-0.00783048586256224,-1.0621552949699666,29303.79454595,False
RVMD,-0.007819776089741583,-1.0598752928915147,1515628.9753151,False
VTRS,-0.007799883934891958,-1.0556404547524132,1518495.00313847,False
CADL,-0.0077997173594362606,-1.0556049925263167,391470.66000000003,False
AMGN,-0.007797883139934162,-1.0552145057861073,4599062.922866175,False
RBBN,-0.007731573004971573,-1.0410977501771075,6550.528281375001,False
NXPI,-0.0076683749755188544,-1.0276435302866227,9622424.80878848,False
VNDA,-0.0076454373762491565,-1.0227603478993423,54357.6,False
BTSG,-0.007627985792477815,-1.0190450826049946,996907.3290242602,False
OGI,-0.0076145591442803,-1.0161866852972639,22641.408878625,False
LGN,-0.007602892166569127,-1.0137029039999221,1615474.14355125,False
CCEP,-0.007579815719947166,-1.0087901624187123,1121921.87116068,False
FTAI,-0.007534107949280553,-0.9990594413412055,2704212.6555648004,False
AIFF,-0.0075238235634740224,-0.9968699998463062,538.5,False
TXG,-0.007505854193527709,-0.9930445031236268,362214.82254419994,False
NKTR,-0.007490628620841914,-0.9898031330263757,374777.50970712,False
AMLX,-0.0074790859314403015,-0.9873458114503437,76123.18,False
PHUN,-0.007427925777306957,-0.9764543331985402,576.216,False
CETX,-0.007394543322041064,-0.9693475468395192,6850.3248,False
CHTR,-0.007338210823785885,-0.9573549289514479,1372117.54977,False
VICR,-0.007314998565336692,-0.9524132744088192,2589473.36065066,False
SHLS,-0.00730972579790628,-0.9512907556680532,250056.79786751996,False
NVCR,-0.007300767298598462,-0.9493835819694442,375149.7573307,False
NVEC,-0.0072916626899264675,-0.9474453030681778,81812.10699662,False
SPWR,-0.007258039455362944,-0.9402872572372483,26266.816602334402,False
TLN,-0.0072514748873036905,-0.9388897272363906,2381981.6992831198,False
SANM,-0.00724775346678132,-0.9380974745277775,917816.9523113,False
GPRO,-0.007242557518151506,-0.9369913097310177,69222.87234794,False
HELP,-0.0072416071069909115,-0.9367889768283665,26020.079999999998,False
MARA,-0.007237930018467155,-0.9360061619529056,5610391.902355275,False
CGNX,-0.007212542725457565,-0.9306014645986831,1282307.80995891,False
DLTR,-0.007178563511717754,-0.9233676344093537,3070487.58211728,False
BNGO,-0.0071439864327614965,-0.9160065247754497,395.826749,False
BEAT,-0.0071099405848302774,-0.9087585088421789,6842.03205,False
BAND,-0.007045592247369705,-0.8950594000364308,54241.0,False
RDCM,-0.007041319749422486,-0.8941498285298296,24059.851199999997,False
ODD,-0.007037456812592166,-0.8933274484336741,382988.013296,False
RXT,-0.007018983722403807,-0.8893947147772095,5684929.33475277,False
SENS,-0.006966048281395094,-0.878125295944082,32642.739999999998,False
CTMX,-0.006962629599324239,-0.8773974931832166,32840.789265125,False
MRAM,-0.006953255643419423,-0.8754018729862062,5208054.82916785,False
DXCM,-0.006953239015621913,-0.875398333096657,1780869.1651561602,False
QMCO,-0.006943771527171996,-0.8733828007688474,15087.13411766,False
POWL,-0.006937547160155641,-0.8720576961217196,2200488.58708954,False
CTSH,-0.006900386185139443,-0.86414650120722,1893830.02828992,False
AMPG,-0.006851947538268151,-0.8538344042661045,39494.24343468,False
GEN,-0.006848854457115639,-0.8531759186404388,1054018.6334024998,False
INHD,-0.0068169164485487824,-0.8463766403426217,695.64,False
TRIN,-0.006789239631986396,-0.8404845266307923,84184.19279505,False
LFMD,-0.0067882141699499255,-0.8402662161573884,28955.6115198,False
ELMT,-0.006778883457163615,-0.8382798019819924,48499.93999137,False
ICHR,-0.006771352136028401,-0.8366764600503449,168436.23299999998,False
NVTS,-0.006763566422824639,-0.8350189606258411,5524090.6021904,False
IBKR,-0.006748077097576965,-0.8317214402815816,2150706.5778276403,False
NWS,-0.006722531237560942,-0.8262829856189364,479293.88630253,False
RZLT,-0.006714756935097583,-0.8246279154254043,16789.34591796,False
BNZI,-0.006705098451030344,-0.8225717220666129,4615.152904879999,False
OCUL,-0.006649419137859358,-0.8107181606622329,205050.3,False
SRPT,-0.00663746985554591,-0.8081742795765278,458194.7857344,False
TLIH,-0.006622478825968637,-0.8049828413297341,354.5,False
AZTA,-0.006617273157378241,-0.8038746072518889,188524.15999999997,False
ARCT,-0.006611510909636834,-0.8026478831143214,9743.354991725,False
COSM,-0.006611158161093557,-0.8025727865249436,14961.251199999999,False
UPWK,-0.006608910520692434,-0.8020942866657973,354416.06813075003,False
CRNX,-0.00659933728981372,-0.8000562428467104,260576.42500000002,False
KXIN,-0.006588109458756265,-0.7976659514207216,15419.490000000002,False
AIP,-0.006557604138177364,-0.7911716778737067,182938.23464193003,False
ASYS,-0.006538551641021279,-0.787115594346726,40862.822715,False
BL,-0.006520184809708016,-0.7832054821277215,412181.3509211601,False
TRIP,-0.006507359334500343,-0.7804750684559931,374096.83067526005,False
SIRI,-0.006499251844111723,-0.7787490659303908,533479.369602695,False
TGTX,-0.006485194146666927,-0.7757563246342767,674200.71,False
Z,-0.006478756102120659,-0.7743857302068817,1877993.1978830001,False
GAUZ,-0.006445221547915343,-0.7672465635253439,349.2,False
NRIX,-0.006444764578671778,-0.7671492794052637,30073.649999999998,False
COHU,-0.006439943380165003,-0.7661228951112032,371679.09,False
LNKS,-0.006425105702497937,-0.7629641039317062,2116.2924,False
BCRX,-0.0064181602259822555,-0.7614854823813921,488216.52,False
FISV,-0.006407439921603599,-0.7592032382409909,1510506.476036835,False
TASK,-0.006402371470059121,-0.7581242162813792,56215.9289432,False
IVVD,-0.0063936690927858504,-0.756271568367853,1349.025169635,False
GRRR,-0.006378300916991106,-0.7529998395141424,28549.172838120005,False
NESR,-0.006285960497499525,-0.7333415001738498,195319.2603,False
IZM,-0.006271771133630838,-0.73032072843067,304.62030000000004,False
REAL,-0.006266015125506379,-0.7290953326443058,470460.98329435,False
FAST,-0.006259739214235546,-0.727759254747856,2195108.9071199996,False
MNTS,-0.006217682249833295,-0.7188057533191838,15752.903024950001,False
ELDN,-0.006201445034220173,-0.7153490146967937,40637.2430923,False
BTDR,-0.006183327655480019,-0.711492008402134,405490.24913293996,False
HSAI,-0.006180379417576098,-0.7108643584359513,293045.642604395,False
BKR,-0.006158551733477916,-0.7062174657385027,1852062.57200059,False
LZ,-0.006140073224837646,-0.7022835785485482,326118.56244139996,False
VHUB,-0.006130897754769675,-0.7003302139743347,1292.48,False
FBLG,-0.006114117489349231,-0.6967578655523595,1289.56,False
WIMI,-0.006110958773906669,-0.6960854070516164,4165.2,False
DFLI,-0.006106997554879525,-0.6952421036719527,15583.31849682,False
CRMD,-0.006101057824144175,-0.6939775952039557,40246.845,False
APLS,-0.006100927272057177,-0.6939498019879198,1465850.51809174,False
HCWB,-0.0060940751856629095,-0.6924910622478454,564.8181,False
DPZ,-0.006088759412869602,-0.6913593881012247,3479295.4688551202,False
IFRX,-0.006083384282919515,-0.6902150774175742,32209.424999999996,False
CART,-0.00607712835299107,-0.6888832533463863,1978554.8020898402,False
SHPH,-0.006073198623390761,-0.6880466537465166,1009.647,False
KDP,-0.006056460020951373,-0.6844831749509093,2762463.688908,False
AVPT,-0.00605445763938323,-0.6840568882113424,245147.14,False
PLAB,-0.006053259858461776,-0.6838018927939626,492049.07771408005,False
SPRY,-0.006046531872283033,-0.6823695727318844,207514.87,False
SNYR,-0.006000829732639202,-0.6726400504420513,1965.9395,False
AMBA,-0.005982967624636724,-0.6688373886999993,137097.37355072,False
INBS,-0.005981916147331063,-0.6686135398394774,5248.6,False
EDIT,-0.005944415176022195,-0.6606299631604965,2579.5499999999997,False
NNE,-0.0058903138812323496,-0.6491123458745479,328406.87081035,False
PN,-0.005884955003009458,-0.6479714950188886,565.9200000000001,False
GDYN,-0.005862112242632199,-0.6431085028705144,412179.52232574,False
SSRM,-0.005835275379175179,-0.6373952066609894,850631.733388395,False
VWAV,-0.0058126173885309496,-0.6325715501159371,11705.5,False
JFB,-0.005809066950050975,-0.6318156977510632,2189.32,False
ALKT,-0.0057747852437902356,-0.6245174699701151,190958.69999999998,False
NNOX,-0.005765756011105509,-0.6225952378525212,100460.68449521,False
OPTX,-0.005759328052659893,-0.6212267906537218,45981.216701532,False
PTLO,-0.00574660106762369,-0.6185173445411956,56255.327784348,False
TNXP,-0.005737941270140157,-0.6166737614333125,108487.24332040001,False
TER,-0.005699588528228423,-0.6085088514265926,6695843.92264543,False
QRVO,-0.005662321915950843,-0.600575167409892,699608.1799999999,False
DUOL,-0.005657912034576219,-0.5996363483641253,558914.7821199496,False
ARXS,-0.005651860241148898,-0.5983479828848837,186338.925,False
CGNT,-0.005627713515485543,-0.5932073897441902,80905.26,False
RARE,-0.00562665194585075,-0.5929813923290929,173448.8365755,False
FDUS,-0.005619809863769758,-0.5915247824059102,33355.185600000004,False
INV,-0.005605670133116621,-0.5885145770712351,198907.56,False
SEDG,-0.005556548368590203,-0.5780570513054755,527946.12060776,False
SCYX,-0.005554921834649733,-0.5777107787162201,890.9486,False
BMEA,-0.005548596376198069,-0.5763641527271853,2685.51,False
SLNH,-0.005545121821646207,-0.5756244552814413,185072.3764096711,False
LRCX,-0.005544283519131537,-0.5754459891731657,18887137.94008636,False
SDGR,-0.005541415949676293,-0.5748355127020448,123528.50369499999,False
WLDN,-0.005510380303953491,-0.568228338307309,855308.19490332,False
ICON,-0.005501639906054089,-0.5663675961878595,1503.875,False
DDOG,-0.005491006673712334,-0.5641038888015457,6324234.832031759,False
GTM,-0.005483158251340905,-0.5624330392308703,1821600.11234313,False
TNDM,-0.005482858076009125,-0.5623691349453342,293500.04637,False
CRNC,-0.0054786412166912815,-0.5614714083389698,124795.187505,False
KSCP,-0.005476657072657831,-0.561049004185682,7454.4888,False
UROY,-0.005475483986483105,-0.5607992660295729,228825.608195875,False
SYRE,-0.0054604447622996904,-0.5575975676396359,272557.58,False
BMBL,-0.005460223747671392,-0.5575505158654921,84575.8990515,False
MPWR,-0.005443375104458877,-0.5539636105046676,5281022.307552859,False
STRL,-0.005438641462836108,-0.552955866183729,10435668.2814216,False
SMCI,-0.005437778467702836,-0.5527721432672393,6909574.203416575,False
SANA,-0.005433515975980098,-0.5518647019844063,66784.08436620001,False
SKYX,-0.005431792374525107,-0.5514977647051932,12488.13491184,False
FANG,-0.005426790365684643,-0.5504328877237978,2064151.57841296,False
CAMT,-0.0053765310693125205,-0.5397331929581962,1409554.38240576,False
PPTA,-0.005371773776553693,-0.5387204135501205,354801.79936993,False
VFS,-0.005347617824212114,-0.5335778561431554,1782.3399000000004,False
SNPS,-0.0053392789591209765,-0.5318025962886186,3591451.8436796996,False
LINE,-0.005329336072146221,-0.5296858564335463,219862.06239999997,False
STKE,-0.005327868887900363,-0.5293735077790934,1016.8,False
RGLD,-0.005300416578035552,-0.5235291892675611,395666.13803407,False
WATT,-0.005299605994161359,-0.5233566241768847,26149.0345187,False
MXL,-0.005288313910143586,-0.5209526539469171,3334696.8042042004,False
CCC,-0.005286387083079314,-0.5205424519953984,78499.33288470001,False
OUST,-0.005282162032333861,-0.5196429815171248,626479.9511876424,False
PEP,-0.005281691768724009,-0.5195428671612147,3826396.65334614,False
AREB,-0.005279820236847553,-0.5191444369947057,6855.300399999999,False
PSKY,-0.005263897190965222,-0.515754581923553,432731.452147605,False
ON,-0.005263198910153747,-0.5156059250166168,8770582.24583904,False
FATE,-0.005242420487898953,-0.5111824095302284,64487.43,False
MCHP,-0.005241921838794869,-0.5110762521903137,14767814.55143232,False
HIND,-0.005221761382061956,-0.5067842952997885,897.49,False
PCT,-0.005196664165814628,-0.5014413523480115,1694578.6,False
RMBS,-0.005163530362053439,-0.49438750137399134,2133720.3840382504,False
CLDX,-0.005161568688388413,-0.49396988093437977,451876.54304,False
CPRX,-0.00515248855393251,-0.4920368123456466,1355319.8538881498,False
TCRX,-0.005150485128990518,-0.49161030348236284,11690.5,False
DOCU,-0.0050999841341937,-0.48085915357201714,1682648.2158107397,False
COYA,-0.005077208694724825,-0.4760104933626681,12881.6,False
CURI,-0.005070410824338566,-0.4745632956611612,3548.9049999999997,False
CRSP,-0.005069048708186099,-0.47427331493881303,245942.39781280002,False
GRPN,-0.005066733523560114,-0.47378043559882704,273291.71166,False
UCTT,-0.005066429059887731,-0.47371561836904347,363596.8,False
BTCS,-0.005054570623866931,-0.47119107753821815,20259.815,False
SATL,-0.005051832392043349,-0.47060813573790217,469600.944067515,False
QUIK,-0.005044804404776496,-0.46911194848499876,28158.120000000003,False
NVMI,-0.005024854892928294,-0.4648648996222752,2888043.78206824,False
GTBP,-0.005023145997708257,-0.46450109315142024,1141.6128,False
EFOI,-0.004978478526822565,-0.4549918413527145,4607.6820606400015,False
TXN,-0.004952154952974302,-0.4493878192981516,15999818.235296564,False
MDLN,-0.004943044953498015,-0.4474483927492926,2060628.23734224,False
EVTV,-0.004937593253528874,-0.44628778108470507,289.68,False
FROG,-0.004919649619508157,-0.44246776327972404,4300111.649768,False
WBTN,-0.004898263552384617,-0.43791488635991366,51478.55,False
CLSK,-0.004890746040048589,-0.436314484181646,2662502.5484370803,False
SSSS,-0.004884931365823912,-0.43507659897718937,32747.55,False
CDNS,-0.0048743269216348865,-0.43281902029679287,5144204.26161768,False
RILY,-0.004860735850500934,-0.42992561901249776,11943.99,False
DRTS,-0.004852179759031548,-0.4281041138638548,64915.76,False
NRXP,-0.004849871160220233,-0.42761263657705767,68141.542294081,False
FSLR,-0.004845273649862889,-0.4266338732226912,4263155.720005,False
PURR,-0.004841980510920253,-0.42593279732130906,239202.2,False
CRSR,-0.0048407490714680035,-0.42567063634388835,78211.66977093999,False
HUBG,-0.004839526704249315,-0.4254104067530361,1087754.5910525,False
PSNL,-0.004829900603714294,-0.42336110752001194,25505.28,False
PMAX,-0.004825766542247397,-0.4224810077368688,1601.375,False
LPTH,-0.004805361082617184,-0.41813689221287625,171657.1984098,False
PZZA,-0.004797850150075756,-0.4165378908061856,1740287.49785394,False
ENPH,-0.004783209823132897,-0.4134211135955104,668372.8809336598,False
LQDA,-0.004781055405784905,-0.41296245997945985,2708578.82843641,False
PRLD,-0.004757872658750956,-0.40802708811800675,1408.6799999999998,False
EVLV,-0.004713926425937548,-0.39867138059436646,401771.677932645,False
HFFG,-0.004711866894783012,-0.3982329272871291,65282.576941925,False
RUM,-0.004710071389984487,-0.3978506825148954,152123.38999999998,False
KEEL,-0.0046905382503886015,-0.3936922750843093,855493.30685238,False
LSCC,-0.004684947982872949,-0.3925021637936006,4579254.4140444,False
SKIN,-0.004683389634854941,-0.39217040729609987,5985.2051,False
RCKT,-0.004669827961547998,-0.3892832645111965,35189.294834994995,False
LIF,-0.004659868353799681,-0.38716296497291597,1053740.5637085598,False
PEGA,-0.004658557775382049,-0.386883956111924,700425.51591825,False
NMRA,-0.004654775428511765,-0.38607873280139404,12599.039999999999,False
PRSO,-0.004637033328522276,-0.3823016195488971,10978.2777,False
CSIQ,-0.004628307476388658,-0.3804439740755459,499165.73299349996,False
ESPR,-0.004627886432430329,-0.3803543380845511,145834.16,False
ALT,-0.004626406156632853,-0.3800392023714557,65946.45,False
VIVO,-0.004597868922143795,-0.3739639144042991,86964.1619256,False
SSYS,-0.00459551743311196,-0.37346330622429175,27896.399999999998,False
VSAT,-0.0045943000489485,-0.3732041374753889,446165.72347245004,False
IPW,-0.004557834545441204,-0.36544100139578284,661.7736,False
CPSH,-0.004546878450166053,-0.36310855976351225,12054.630000000001,False
VFF,-0.004538777795681077,-0.36138401253250657,3009.2538078750003,False
WEN,-0.0045364994148575435,-0.3608989683490163,3640312.24598228,False
SAIL,-0.004505451827180004,-0.3542892516331614,249668.08018554002,False
NCRA,-0.004499472188545857,-0.3530162471780202,39950.6162,False
ARVN,-0.004495085466238951,-0.3520823584630286,87352.74691989,False
SEZL,-0.0044711840910496466,-0.3469939979513694,261029.96766000002,False
EBAY,-0.004444473900449876,-0.34130766910918725,8516113.222158885,False
SVCO,-0.004443241372486109,-0.3410452763986978,74891.87999999999,False
RVPH,-0.004438430725661178,-0.34002113845074944,887.04,False
NTSK,-0.004430585750566025,-0.33835102277025136,72714.72,False
AIOT,-0.004425742658352197,-0.33731997752787585,27306.635,False
AISP,-0.004421199693304996,-0.3363528263171634,11387.573660707201,False
SWKS,-0.0044046793418152114,-0.33283581093651854,3370716.7011183603,False
VITL,-0.004392514073760698,-0.3302459486757883,312229.6191286399,False
WVE,-0.004386252528509441,-0.32891292915929127,212658.03483049502,False
FORM,-0.004375514672971074,-0.32662694855488755,4976199.84524202,False
CGTL,-0.004369996762585135,-0.3254522413636774,69938.24,False
DNUT,-0.004366610820127024,-0.3247314085345141,59007.746242965,False
NNBR,-0.004326922958226215,-0.316282265014997,4983.18,False
SOLS,-0.004294211636891476,-0.3093183562672544,1967612.9793182497,False
WDAY,-0.004291230299362047,-0.30868365972630135,2333984.429939085,False
MGNI,-0.004266405150495258,-0.30339863716214543,224632.10226887997,False
FCEL,-0.004254599004352745,-0.3008852283163933,14152821.52404844,False
MITK,-0.004250654799449137,-0.3000455470711738,254937.2469645,False
SABR,-0.004240268180668994,-0.29783434121243374,36487.77219864,False
MVIS,-0.0042157359953601805,-0.29261168762027023,40747.6558,False
GEHC,-0.004210713124401918,-0.29154236930545546,4081524.1835841,False
GFS,-0.004197794093814362,-0.2887920386416344,1646715.45324237,False
TRON,-0.004195946788078856,-0.2883987659749757,1497.145,False
CPRT,-0.004189923706617799,-0.2871165129823251,964033.2852637499,False
COST,-0.00418957428299188,-0.28704212423415115,9296292.657172501,False
ERAS,-0.004186899660661057,-0.28647272425009296,259231.22130592502,False
OMDA,-0.00417255127662325,-0.283418098724748,188346.40000000002,False
PROK,-0.004155926695298502,-0.2798788938687207,5084.314771769999,False
GSIT,-0.004103340783407473,-0.26868388624189465,765942.03888704,False
ILMN,-0.004093142102598143,-0.2665126904721871,7714039.370716799,False
ASST,-0.00407292221796123,-0.262208081983266,654030.7677,False
TSCO,-0.004032123547244322,-0.2535224585260436,4275564.235610444,False
ATAI,-0.004023149246646658,-0.25161192089298945,141527.292820375,False
ZVRA,-0.003999625102387146,-0.24660386902264203,44028.270000000004,False
CHYM,-0.0039995107649613525,-0.24657952774362332,664031.3367522,False
CRBU,-0.003990557688104416,-0.24467350842984464,36953.01,False
LOGI,-0.003989545471602362,-0.24445801779646023,497900.75999999995,False
IMSR,-0.003947395484093596,-0.23548471269130036,499761.96153042826,False
FWDI,-0.003938519317187692,-0.23359506672653133,78045.54000000001,False
TBLA,-0.00391249263374528,-0.22805424963007073,83851.384996625,False
ENVX,-0.00391133707911704,-0.22780824376250738,319586.018325,False
SNBR,-0.0039035955207213755,-0.22616014444909088,79096.17350076,False
AUUD,-0.0038965612175860657,-0.2246626126118112,2334.9,False
RGNX,-0.003890499510844772,-0.223372136688507,150714.19499999998,False
WOOF,-0.0038654914954004685,-0.21804818368354786,33715.8308806,False
APPS,-0.0038470464505871898,-0.2141214206031679,12834.360075,False
ATOM,-0.0038369739967452163,-0.21197709727536454,67330.18440878,False
IRDM,-0.0038288199224855747,-0.2102411775157993,637944.2469766999,False
SGML,-0.003823031684418698,-0.2090089203013794,208921.87917186398,False
INO,-0.0038213657421177663,-0.208654258071628,58718.672728319994,False
GFAI,-0.0038054145854336274,-0.20525841849570353,205.5962,False
IMVT,-0.00379512529008119,-0.20306793180824426,115855.891872,False
CRWV,-0.0037863239235431632,-0.20119421008361427,21903535.063447922,False
ONCY,-0.0037794935965983177,-0.19974010270976636,9144.0525,False
NSPR,-0.0037429660791555904,-0.1919637644918849,809.015,False
IPWR,-0.0037405171242702326,-0.19144240681958388,13478.356891391999,False
IREN,-0.0037204586089665897,-0.18717215222606412,32595406.743305698,False
HRTX,-0.003716372797189492,-0.1863023243128167,3574.0561661448005,False
TMDX,-0.0037115673013684,-0.1852792829613748,514609.2680509999,False
UAL,-0.003695117152982667,-0.18177721310999848,1900954.9370555198,False
TRAW,-0.0036662497636363407,-0.17563163852020397,50284.22052836,False
QDEL,-0.003665483009747496,-0.17546840438914424,213407.28775197,False
TTWO,-0.0036539389055814777,-0.17301078162411054,1579515.2356697998,False
BAER,-0.0036491425029114974,-0.1719896761123714,14424.754030855,False
RDGT,-0.0036448700989349415,-0.171080124611172,2114.46,False
CORZ,-0.0036274723193137426,-0.16737631367502678,4331483.9197383,False
DPRO,-0.0036125665574191705,-0.16420302805360054,20072.8900944,False
VSTM,-0.003607355939369777,-0.16309374028610268,72722.92,False
CNTN,-0.0036066837832967784,-0.162950645071186,9490.8,False
NEO,-0.003598906449641897,-0.16129492956770297,99417.25499999999,False
DFDV,-0.0035981802182063613,-0.1611403222562141,6346.206330774999,False
AIRJ,-0.003597746098233861,-0.16104790251434162,92802.43856809,False
PALI,-0.003573061684995324,-0.15579284113893377,18308.97,False
APA,-0.0035662148304423,-0.15433521520482968,1006138.53539982,False
BLNE,-0.0035410246682563463,-0.14897248500482632,6523.2,False
CRDO,-0.0035393633429287325,-0.1486188056818963,7733395.659399969,False
CXDO,-0.003515535353075164,-0.1435460681643761,16097.7686724,False
OCC,-0.003483403804889567,-0.1367055872434613,2722.5,False
OLED,-0.00346194848050833,-0.13213796615548412,410472.32809,False
VTGN,-0.0034587282194248298,-0.13145240521161644,2773.6371,False
RANI,-0.003453277417745649,-0.1302919847838563,14027.7,False
LAND,-0.0034505985553694445,-0.1297216821371137,39263.6,False
ZS,-0.0034372586661242923,-0.12688175493094553,4208535.90048231,False
DGNX,-0.003431379933564228,-0.12563023235618503,3456.675,False
ERII,-0.0034289589973245964,-0.12511483956955996,466407.7559818599,False
CDNL,-0.003415172785584939,-0.12217989482827014,523316.92500000005,False
MLTX,-0.0034126178156753083,-0.12163596763187774,409807.35000000003,False
ATEC,-0.0034075689466299235,-0.12056111458783322,244699.48414279998,False
QURE,-0.00337904392432548,-0.11448842647099733,1416911.9728400002,False
STNE,-0.003364857290915942,-0.11146823601489429,334827.05108208006,False
AIFC,-0.003352034442714536,-0.10873838160617258,3030.4794637975,False
NFE,-0.003328743239478619,-0.10377992051864075,374544.62760011095,False
INDI,-0.003325304573246883,-0.10304786333248471,260865.552229625,False
WDC,-0.003323497876115244,-0.10266323582597735,20882311.40323921,False
MRNA,-0.0033231518512971117,-0.10258957064953066,4051856.6209836,False
TSEM,-0.0033185661756806647,-0.10161332679154342,7985971.369948581,False
VECO,-0.003313325534152542,-0.10049764732974435,585027.72,False
HOVR,-0.0032977845551246856,-0.09718913041925076,34055.7628571719,False
VEEE,-0.003296011632991161,-0.09681169326749599,24637.5,False
ULCC,-0.003281943901787876,-0.09381681588590242,166162.858206125,False
RIOT,-0.0032810621481062646,-0.09362909946460926,6595347.35237462,False
CIFR,-0.003259106584062092,-0.08895498242286004,5183596.687204045,False
CDXS,-0.0032566818143992273,-0.08843877353928456,13675.4,False
PANW,-0.0032556711087312,-0.08822360454715056,16916372.828757364,False
LWLG,-0.0032302888278596966,-0.0828199742263231,765862.0639183801,False
PTRN,-0.0031954005815801796,-0.0753926202233128,137666.30538417998,False
LUCD,-0.0031933488164327993,-0.07495582022028204,39022.39,False
HNST,-0.0031645905152071756,-0.06883346938565965,18123.00345756,False
TEAM,-0.0031640325977246864,-0.06871469440873142,3722173.08487076,False
KTOS,-0.003156420273464022,-0.0670941077327295,1231379.1133843,False
BLZE,-0.0031526698844081187,-0.0662956879169544,337443.36397687,False
AUR,-0.0031315078511678666,-0.061790505540071705,2168794.734063805,False
GILT,-0.003128878918988602,-0.061230832526161384,286861.80942999996,False
RFIL,-0.003123521497893238,-0.060090291878183176,35996.4,False
MNKD,-0.0030984959619232777,-0.054762608930901006,71122.575,False
LHAI,-0.003082133831830652,-0.051279277281967205,56904.94544512001,False
BRTX,-0.003077914588749398,-0.05038104319653469,532.528,False
ATLX,-0.0030616297114689868,-0.04691415788828102,7021.080000000001,False
REKR,-0.00304371575409867,-0.04310045794136527,12674.698999999999,False
OVID,-0.0030263357538031807,-0.03940043204345104,473364.17,False
RUN,-0.0030258299696875944,-0.039292755731908706,579215.9903585401,False
KHC,-0.0029676062666624376,-0.026897519517703455,1271283.0716952,False
SYM,-0.0029618106577270747,-0.025663693120094516,494122.22099625,False
ARCC,-0.0029588380002715476,-0.02503084447889326,895989.2227971301,False
JZXN,-0.0029579511995834816,-0.024842053601082735,7734.842478,False
RPRX,-0.002949124281477428,-0.022962892206612455,835687.1311485,False
GOSS,-0.0029431313204804684,-0.021687051555464947,15020.755900000002,False
VKTX,-0.0029411102757227778,-0.021256791612014887,127210.15902105,False
CYAB,-0.0029342736471980897,-0.019801342695691785,789.6084000000001,False
SABS,-0.002928903204084263,-0.018658029791975044,67487.40999999999,False
EQPT,-0.002915895623460137,-0.015888847722918133,1348063.8011439298,False
NAVN,-0.0028808548626886557,-0.008429024930467013,377574.58914591,False
CYPH,-0.0028784754114809493,-0.007922463886643435,9447.316525735,False
RCT,-0.002868523947566152,-0.005803898087972788,3456.66,False
ARTV,-0.0028613438092232064,-0.004275319413184151,16176.979980080001,False
WYFI,-0.0028464455805425554,-0.0011036375366445068,536457.15979557,False
DASH,-0.0028434960211863067,-0.0004757062466555213,7606206.037099095,False
ASBP,-0.002842365251737656,-0.00023497689260227567,4706.68906497,False
HUT,-0.0028337558648148247,0.0015978743178724874,4113665.0353827197,False
SMMT,-0.0028212975258458577,0.004250128405700971,295027.91788625997,False
MSGY,-0.002798223882030642,0.009162273297764282,638.5500000000001,False
HRZN,-0.002791937617803691,0.01050055523363323,55629.5548690904,False
REAX,-0.0027631344669959055,0.016632454089699107,24049.175,False
LTRX,-0.0027578268490939034,0.017762392142619494,17863.639068944998,False
ALHC,-0.002752530834113477,0.018889860051144486,2485822.0263210745,False
AREC,-0.0027525272577139815,0.018890621430346435,54852.1698161853,False
BKNG,-0.0027410120113271286,0.021342100666700465,9973978.390446838,False
SHMD,-0.0027324080837566596,0.023173789636393743,6391.885,False
LTBR,-0.0027193558876227515,0.025952469895257128,286211.20499999996,False
OMER,-0.002706062546323491,0.028782487515558383,57729.380000000005,False
BTAI,-0.00269961067824368,0.03015602483312815,6565.24640638,False
ALM,-0.002695610694951648,0.031007580731869003,376819.11,False
SATS,-0.0026905280886814747,0.03208961608910795,2973013.5860075383,False
STX,-0.002674781155319523,0.03544197858976176,15522222.61162616,False
YYGH,-0.00266776755120025,0.036935103816334,1517.23,False
ISRG,-0.0026541832291091458,0.039827068297815564,6160582.892971704,False
IEP,-0.002632812001514684,0.044376786032299685,26764.149999999998,False
KLAC,-0.0026264002608556115,0.04574178062872876,10780480.359225722,False
ROKU,-0.0026084393956263647,0.04956546678334912,4323537.290254914,False
MBLY,-0.0025991852651197915,0.05153557736763291,188997.62252575002,False
CEG,-0.0025939047175970393,0.05265975241119842,9113445.65952765,False
GANX,-0.002592470421515513,0.05296509950882197,12051.0,False
NB,-0.0025885535515464218,0.0537989614235517,134952.92118,False
NCI,-0.00258799838023825,0.05391715176780318,2775.3689000000004,False
NTLA,-0.002561826014388157,0.059488983172211296,285655.34823199996,False
CGTX,-0.0025569583045070617,0.060525269266421544,16022.93667215,False
XE,-0.0025390461312954304,0.06433858938403755,852451.5801384901,False
FIVN,-0.0025153242165971493,0.06938874457618285,502075.84251822,False
DSP,-0.00249783132578189,0.07311280372148926,60892.575000000004,False
SIDU,-0.002496225343447916,0.07345470108203414,535822.19891495,False
ARAY,-0.0024694503220319113,0.07915483174786252,15867.4608,False
ALLR,-0.0024492924874330592,0.08344623041262442,10842.42,False
TMC,-0.0024408679649370736,0.08523972586042357,364313.5724078199,False
DBGI,-0.0024275527058848414,0.08807440954817254,37980.61182378,False
SHOP,-0.002423151725520625,0.08901133365904489,18499289.078416176,False
BCDA,-0.0024085872296233206,0.09211196720875076,6348.160000000001,False
AMKR,-0.002404068575003012,0.09307394297599002,1530004.392712149,False
XNCR,-0.002351897722769619,0.10418058860878147,94925.88,False
MDAI,-0.002338839434299649,0.10696056586424005,24286.96809,False
EVGO,-0.002317081735337523,0.11159255943559694,35044.059192450004,False
OSRH,-0.0022900700228714304,0.1173430792268707,25010.289104,False
GT,-0.0022896402270178523,0.11743457840765424,867217.2701999999,False
SUUN,-0.002283892149911912,0.11865828576056535,91.365,False
CERT,-0.002281502275713532,0.11916706575345513,391227.58799793496,False
FEED,-0.0022652071666340416,0.12263612930802242,16636.790399999998,False
ALAB,-0.00224217403904732,0.12753964870571488,3630020.0922049,False
ZM,-0.002228468160839156,0.13045749125241646,6063451.5644692,False
HYMC,-0.0022168132433678387,0.13293870504693633,668214.7659577499,False
RIVN,-0.00221671589649317,0.13295942920983808,2022249.4789631197,False
CCCC,-0.00220840335956183,0.1347290840660183,22784.49,False
AMPL,-0.0021949824045807715,0.13758626934567245,195169.74628912497,False
ALOY,-0.002188847118427338,0.13889240958001464,70443.94499999999,False
EDSA,-0.002181237579466891,0.14051240329383227,24740.66,False
MBOT,-0.0021799920167782398,0.14077757096512866,2260.9649999999997,False
EMBC,-0.0021586170966439323,0.14532807480391813,79894.53733576002,False
DLO,-0.0021325098986476627,0.15088603263279354,323224.151855445,False
AMAT,-0.0021267546164727698,0.15211127387185353,23500030.019149788,False
NEOV,-0.002121037615443269,0.1533283654430801,273.5,False
NIVF,-0.002099306382733453,0.1579547246175841,233.89600000000002,False
VELO,-0.002098574756885126,0.1581104803448781,182594.019460045,False
TLS,-0.0020957422904228267,0.15871348374460767,18229.005759999996,False
MIST,-0.0020954099090923087,0.15878424436083266,7185.4218,False
OXLC,-0.002086699261207444,0.1606386530037356,56925.935999999994,False
SHC,-0.0020589412726338425,0.16654804741398704,1813037.00133924,False
HIVE,-0.0020585512006460614,0.16663108978638652,336830.18037172494,False
MGRX,-0.002050739148330192,0.1682941965408829,447.627,False
DKNG,-0.0020493606100439547,0.16858767336905467,1608263.3758582,False
AXON,-0.0020483262472544457,0.16880787872256178,2977602.62957514,False
WKSP,-0.001968427271395956,0.18581756082078135,2439.87,False
HUMA,-0.0019352633128613987,0.19287783144040052,22362.205343309997,False
DCGO,-0.0018795208692069761,0.2047448326848088,331.53560000000004,False
CAPS,-0.0018721500278075503,0.20631401010734154,273.68,False
OTLK,-0.0018567773685093975,0.20958669345348277,2899.3777364991997,False
TLRY,-0.0018535224720548963,0.21027962791676982,108232.00181550001,False
SMTC,-0.0018353924282454377,0.2141393304763104,8566733.06506741,False
CNDT,-0.0018332546221646118,0.21459444772195435,173324.852,False
RXRX,-0.0018145322473064704,0.21858025155784727,237727.64794808,False
KITT,-0.0018124168424789038,0.21903059980373313,1478.75,False
CLOV,-0.0017918830114051567,0.2234020443068715,158712.63999999998,False
ORIC,-0.0017793790100968914,0.2260640194438997,67541.28,False
INTU,-0.0017631201177689723,0.22952537281915325,7938302.359510159,False
NEXT,-0.001738665958290541,0.23473141550290413,247239.21059384,False
EWTX,-0.0017284969617484026,0.23689629179300853,307130.04000000004,False
CLFD,-0.0017116164612576937,0.24048997924545276,65287.41,False
UBXG,-0.0017013114454095916,0.24268381266709485,40317.6979,False
SPPL,-0.0016666364592263466,0.2500657657572293,12616.9,False
CLNN,-0.0016558744239247693,0.2523568939881326,5731.22,False
LYFT,-0.001650815763704884,0.2534338314739842,1493345.1154189853,False
IBRX,-0.001649877357853886,0.25363360856790906,1166192.78213477,False
WALD,-0.0016171389333013916,0.26060328731599164,6976.4618,False
TOYO,-0.0016060132589946728,0.2629718306052171,22494.0,False
CCLD,-0.001599653811363757,0.2643256925459977,2137.9599999999996,False
BTM,-0.0015994971172415343,0.26435905113635544,934.56,False
BYND,-0.0015913970461251137,0.2660834741741089,581606.365103073,False
GDC,-0.0015783407060598021,0.2688630366339649,33480.534614471995,False
SOUN,-0.0015719244932761423,0.27022898330038875,1221989.372100315,False
ANNX,-0.0015499311579850012,0.27491114145776535,33849.130000000005,False
STSS,-0.0015372337782549386,0.2776142849006959,5444.799999999999,False
USAR,-0.0015341410436534452,0.2782726967491624,1689842.3725869,False
SNDK,-0.001509043366664594,0.2836157377881396,71060331.69050767,False
TEM,-0.0015017044838847088,0.28517811154450706,4610613.34790788,False
CRON,-0.0014695056536071062,0.2920329161408335,106230.96636842498,False
OXSQ,-0.0014655780146196626,0.29286907067041484,26462.78268054,False
NXXT,-0.0014413779902512516,0.29802101056517505,1505.316,False
POET,-0.0014384114911923968,0.2986525481461468,4044446.08852687,False
AVAH,-0.001437322201415588,0.29888444689850596,195415.7690394,False
AXTI,-0.0014325402428468212,0.29990247740750325,3064276.907420795,False
HSDT,-0.001427024426199023,0.3010767388630854,4363.84,False
QS,-0.0014191857153349513,0.302745520952281,795089.4965504401,False
SPAI,-0.0013906439120594132,0.30882178156776974,4919.849999999999,False
CING,-0.0013666961872275678,0.31392000944852233,1181.70766715,False
TH,-0.0013572379859515022,0.3159335646311543,108281.84000000001,False
SLS,-0.0013381219979039115,0.320003164725388,302929.91433725995,False
FULC,-0.0013356000021276866,0.3205400720630066,33397.175,False
BTOG,-0.0013073401241576656,0.3265563136385669,1430.2666661,False
FTNT,-0.0012965093072734534,0.3288620847712379,3391145.088648,False
CELH,-0.0012900911685908524,0.3302284414420253,3277007.41103775,False
FRMM,-0.0012735769802082672,0.33374414475961717,9629.62738304,False
CLBT,-0.0012613250210318024,0.3363524626815031,334554.10056,False
GOOGL,-0.0012585613650690692,0.33694081702334344,41855243.75076834,False
GERN,-0.0012412230995685618,0.34063195800643303,396335.84,False
NAUT,-0.001240488381186497,0.34078837210281365,4856.79,False
DARE,-0.0012338872936135988,0.3421936767379615,37521.35,False
SKYQ,-0.0012115490259054756,0.34694926751065264,27187.024475000002,False
CEPT,-0.0011854967892452278,0.35249552462818123,29294.1,False
LABT,-0.00117829929339546,0.35402779854023536,5248.6,False
MU,-0.0011729559024143128,0.3551653523191071,295848110.70304227,False
RGTI,-0.0011592774696095982,0.35807735201760305,4028283.80843,False
BTBT,-0.0011584414226478,0.3582553379415347,794276.1593613001,False
INTR,-0.0011543248054163768,0.3591317240237616,1051336.87047825,False
CEVA,-0.0011022583429401264,0.3702161461353598,396619.49302200007,False
INVZ,-0.001100348875839482,0.3706226523265843,11945.904,False
CSCO,-0.0010935443096959574,0.3720712754869444,28515776.48749984,False
BEEM,-0.0010621312169660693,0.3787588045236575,13413.85865092,False
MSTR,-0.0010603562887524685,0.37913666874952673,16037017.951644374,False
TSSI,-0.001055990025283799,0.3800662019852302,170798.15918748002,False
ANGI,-0.0010012535310625,0.3917190467917059,37269.90499569,False
CLNE,-0.0009746815797286306,0.3973759458953814,158843.99030085,False
SLP,-0.0009563272103002686,0.4012834051054051,12871.56,False
MYSE,-0.000942501015186694,0.4042268619017274,3398.3431017,False
CPB,-0.0009362399119165806,0.405559787324919,883395.8608684451,False
SRAD,-0.0009134805511497328,0.41040502454158145,539515.35,False
DOMH,-0.0009021636231005513,0.4128142838140149,4260.24,False
AIRO,-0.0008966031253421357,0.4139980574251564,7925.4,False
NAKA,-0.0008965318651746696,0.4140132279925115,2982.1464,False
UPXI,-0.000889075331035435,0.41560064853076145,52669.517400000004,False
HTZ,-0.0008662175603244626,0.42046683622703745,380160.09695874,False
PRME,-0.000852726844682024,0.42333887284440014,77706.263684,False
PYPL,-0.0008176805619394747,0.4307998712085205,3237480.067946219,False
GCT,-0.0007984029510515975,0.4349038791672298,450944.57484762,False
ASPI,-0.0007762742957039222,0.4396148455930282,203240.08375000002,False
NVAX,-0.0007728294354799613,0.44034822141734614,253487.76890431496,False
NBIS,-0.0007719126168029213,0.4405434028207446,14160311.065704228,False
COIN,-0.0007493312464502688,0.44535074768234917,10577410.823019551,False
MNDY,-0.0007375539154345496,0.4478580220796793,970467.4338630899,False
BNKK,-0.0007208239913822911,0.4514196533346315,11723.517,False
LULU,-0.0006974077750816236,0.4564047284365069,3160014.5063710795,False
WEST,-0.0006948572322562059,0.45694771315154376,87432.18490369999,False
FLY,-0.0006834638902798629,0.45937324017453246,1417343.17092652,False
ASTS,-0.0006816288582019532,0.4597638999038957,10515151.27118598,False
XGN,-0.0006766418834554034,0.46082557627908355,23885.399999999998,False
WMT,-0.0006144499051755907,0.4740656180722674,13216974.451136867,False
PGY,-0.0006066093977779454,0.47573478262525104,198352.77522776998,False
PLAY,-0.0005763299080429897,0.4821809790746286,346636.66073949006,False
WSHP,-0.0005752235532960597,0.4824165107861547,16744.3520794,False
GEMI,-0.0005729227280418325,0.48290633316144116,20121.840290890003,False
OCGN,-0.0005606559021350525,0.4855178160595209,191108.87668880002,False
CRWD,-0.0005450743264493762,0.4888349755869736,24126150.890082803,False
ARTL,-0.0005409405956541477,0.48971500497347026,1942.08,False
EOSE,-0.0005386423936314192,0.49020426888935986,869830.9299624749,False
KIDZ,-0.000520679987116262,0.49402828316812797,6649.6304,False
APLD,-0.0004975774221851301,0.49894658507262324,5383443.97548464,False
MRLN,-0.00048420008346548773,0.5017944848923197,80066.6223992,False
GTLB,-0.0004471095125534439,0.5096906914866661,1041288.4811923599,False
CMCSA,-0.00042985644781431574,0.5133636940912595,4337299.52859973,False
MTVA,-0.00041800608368902994,0.5158865164973472,721.0,False
VCIG,-0.00036325647030839976,0.5275421542398677,194.4137,False
PTON,-0.00036311120855196037,0.5275730789954294,296462.68799999997,False
ONDS,-0.00035943286771269523,0.5283561604761685,4070613.0654271,False
WULF,-0.00035762725124753147,0.528740557919737,3477844.9339171494,False
PRTS,-0.0002919868750247013,0.5427147286817673,3626.98,False
OPEN,-0.0002904111646679715,0.5430501814451959,768396.9072494,False
VUZI,-0.0002729532993901171,0.5467667840086103,60153.94,False
CRML,-0.0002465830112142353,0.5523807510700233,381557.52901498,False
CAI,-0.0002445539122510363,0.5528127256721881,285298.9,False
GRAB,-0.00023463273139857498,0.5549248445138387,793695.818276375,False
HOLO,-0.00022205265974764273,0.557603014255766,14440.0844,False
CABA,-0.0002214752957667478,0.5577259291950936,223547.29321587962,False
SEGG,-0.00020988101981431843,0.5601942330249092,12939.04,False
RPGL,-0.0002085895211474645,0.5604691800003544,25709.399999999998,False
NUAI,-0.00015989996094132068,0.5708346938471833,219061.83,False
FRSH,-9.733641731514506e-05,0.5841538381363934,1433465.327615,False
LCID,-9.093986950326968e-05,0.58551559832965,521888.79311237496,False
TTD,-7.179649058809212e-05,0.5895910296619571,1700736.94962948,False
STIM,-6.26162012328979e-05,0.5915454202135717,41689.38,False
HOOD,-4.140981923873117e-05,0.5960600439906406,12027273.1339144,False
SLDP,-3.6251611375844105e-05,0.5971581741606647,163181.604340305,False
LOBO,-2.7247177278358e-05,0.5990751269103957,73.28795,False
VIAV,1.7711836465339383e-05,0.6086464452284704,3531556.8500076565,False
SCNX,3.3305731105225805e-05,0.6119662273364086,584.201,False
SBET,3.678440005362412e-05,0.6127068006954715,215109.88737310498,False
AYA,5.4004837166850837e-05,0.6163728572092264,135952.06911342,False
ANY,6.630807576023592e-05,0.6189920919992026,2942.6400000000003,False
GOOG,6.807411634377085e-05,0.6193680641387165,35078236.83944383,False
BIRD,7.242622449161443e-05,0.6202945838500956,29458.2362877,False
MDCX,7.557527876084073e-05,0.6209649855849619,3841.7432000000003,False
MWH,0.00011157496617189696,0.6286289541392257,744625.4146625801,False
JBLU,0.000113112125047974,0.6289561996831841,280918.19075173006,False
ALTO,0.00011596226570399326,0.6295629657396097,427474.60397999996,False
CYN,0.00012515412752872634,0.6315198199526898,6989.4,False
MELI,0.00014052064723230789,0.6347911962413781,22914430.99704675,False
UPST,0.0001450466116599246,0.6357547281925006,1153879.3280789999,False
BULL,0.00015771724416585326,0.6384521774225248,310469.032518,False
BGL,0.00016324992100534162,0.6396300282420216,3036.85991246,False
YAAS,0.0001791465854070716,0.6430142669633592,991.66,False
LUNR,0.00019315119826019062,0.6459957070879748,1551230.78892075,False
XRX,0.00021970374627469408,0.6516484754216307,126785.1943677591,False
GAME,0.00022614344971337943,0.6530194230104065,1358.775,False
KDK,0.0002695147121465095,0.6622527251680287,70140.40173924,False
AMOD,0.0002876211214027681,0.6661073961707547,199.6068,False
MASK,0.0002947407558489597,0.6676230941791964,4556.171351335401,False
ARBE,0.0002991130714567463,0.668553915853973,1734.7464,False
VERI,0.0003024811036785712,0.6692709357753706,57224.788824,False
RIGL,0.00030397984061770154,0.6695900016784007,234908.69999999998,False
LZMH,0.0003107430295078823,0.6710298160409268,248.8432,False
MRVL,0.0003246208667097945,0.673984266914408,27989212.228198566,False
SNDL,0.00033214023406639634,0.6755850640077532,8485.5780346,False
DGXX,0.0003351206492472629,0.6762195641900465,4455505.12766766,False
GP,0.0004119865709158871,0.6925835397945099,6578.5,False
KALA,0.00041622650448526824,0.6934861786751443,15661.749999999998,False
TIGR,0.0004176379808141006,0.6937866676787221,415394.436731325,False
GDRX,0.00042686953266446117,0.6957519714959571,28908.09,False
RLAY,0.00045158630712280887,0.701013922247047,3012513.14,False
ALLO,0.00048101436676776166,0.7072788578604227,68031.41162829999,False
SOFI,0.0005031576899574236,0.7119929469211056,10062886.503425075,False
HALO,0.0005103160832901709,0.7135168963036321,1157681.90368952,False
LXRX,0.0005787775436301437,0.7280916472794804,85837.5417932606,False
DJT,0.0005818852690543556,0.7287532505221556,227492.26783920004,False
GEVO,0.000599166742197245,0.73243230098796,41305.381199999996,False
SERV,0.0006375972685678621,0.740613770517547,156211.06121627497,False
ELBM,0.0006799462860153452,0.7496294470792773,708.7285,False
ENGN,0.0007083832384024703,0.7556833860033995,8983.58269038,False
FFAI,0.0007165849121843451,0.7574294392187758,38736.8497465488,False
HUBC,0.0007638297981413427,0.7674873965612888,1498.83985,False
SNAL,0.0008146128527171223,0.7782985941395962,384.0305,False
ICCM,0.0008169293059502905,0.7787917435531928,224.77,False
GAMB,0.0008363691494650796,0.7829302891937695,34195.840000000004,False
EU,0.0008413174361343937,0.7839837292694591,138250.80000000002,False
BTQ,0.0008705422876698921,0.7902054039360646,76327.0,False
SKYT,0.0008913818966503683,0.7946419454561577,427313.66695592,False
YMAT,0.0009107557879915252,0.7987664505474644,3040.28,False
AKBA,0.0009111693261071932,0.7988544886206366,107940.14360000002,False
GLXY,0.000981918263026671,0.813916220174226,2880809.383702743,False
NXT,0.0010631273074385046,0.8312048025884989,2701987.8466912503,False
LIDR,0.0010692553815429384,0.832509407450711,46913.797848075,False
SIGA,0.001091458243102532,0.837236171626867,124370.59,False
SILO,0.0011384576932091338,0.8472418781645871,116.97000000000001,False
BLNK,0.00116299335992798,0.8524652729136587,32131.055339307797,False
ALMU,0.0011758195923402368,0.8551958477865679,138623.99544889998,False
RCAT,0.0011949789845683764,0.8592746881908925,216411.53104958,False
AUPH,0.0012196990205125763,0.8645373332792615,1123681.434259,False
SOPA,0.0012222406211189266,0.8650784142864978,2370.2136,False
ZENA,0.0012496292127501072,0.870909167831943,3799.513521765,False
AMD,0.0013195503142445076,0.8857946616145362,67664405.69531427,False
GMEX,0.0013498659482493866,0.8922485528126193,6200.88,False
OSS,0.0013627822025329796,0.8949982924294675,309852.59015857003,False
HLIT,0.0013741571517764811,0.8974199038260644,666662.7817716299,False
PDYN,0.0013783155005292304,0.8983051741261878,95891.87038608002,False
ANNA,0.0014003759585765898,0.9030016220380019,33733.37698685,False
PSEC,0.0014304160455516149,0.9093968520663946,87603.90181039501,False
IVDA,0.0014419551475102453,0.9118534099121782,246.049905,False
DBVT,0.0014747239944274337,0.9188295652733407,14248.439999999999,False
PACB,0.0014926477222139945,0.9226453452428413,21085.93863553,False
HPAI,0.0015160679503907022,0.9276312744324609,18006.60098645,False
DFNS,0.001534570385801708,0.9315702553893815,223.6025,False
KOPN,0.001548187835938381,0.9344692724959761,1311884.403032105,False
NFLX,0.0015824440417982685,0.9417620715000569,45654022.02991483,False
ARAI,0.0015966681889191705,0.9447902482450676,3502.7553952552,False
META,0.0016311070845142696,0.9521219400420177,41934400.32822899,False
QCOM,0.0016411863743767607,0.9542677186892989,61887720.88330104,False
FCHL,0.0016542973193158029,0.957058905973293,1611.6,False
FATN,0.0016609783781711056,0.95848123568387,1412.0,False
SWMR,0.0016674242469842506,0.9598534958183754,114386.516856,False
CLRB,0.001740364903542425,0.9753818222676078,110007.0,False
LAES,0.0017958484263239185,0.9871937018826108,102240.74175705,False
TRDA,0.0018380590558291674,0.9961799170541502,58849.65957332,False
HAO,0.0018489760884000108,0.9985040426326163,45975.314699984905,False
AVAV,0.0018885950860833896,1.0069385256582553,3904854.85676208,False
TONX,0.0018915197591595158,1.0075611589114555,55016.850000000006,False
HTCO,0.001978698601570677,1.0261206508094616,781392.55506,False
WGRX,0.0019855676437071745,1.0275830002551922,82.60000000000001,False
PLUG,0.0020162715817723365,1.0341195574518303,2740302.000241625,False
LASE,0.0020445027606616336,1.0401296892840004,2974.0605,False
WGS,0.002046672855648891,1.040591680510541,1035234.3175461999,False
PFSA,0.0021025216507871555,1.0524813229078724,47.481,False
GXAI,0.002104137725222529,1.0528253687745108,366.1755,False
FSLY,0.0021078870445518675,1.0536235608563433,815881.5359233,False
CLIK,0.0022127664549483547,1.0759513242641316,6308.807511999999,False
GCTK,0.002239823317450696,1.0817114560404786,7185.688497,False
FABC,0.0022426965611131874,1.0823231404928084,71702.6877,False
PLTR,0.0022452688941858603,1.0828707641306181,21472881.4372362,False
LITE,0.002262910851553629,1.086626558034004,40845879.02717072,False
RKLB,0.002267436724392283,1.0875900704867645,27773734.43994165,False
XTIA,0.0022706374311592583,1.088271468514848,54449.57629869999,False
USEG,0.0023270768569911516,1.100286850200176,20291.178799999998,False
ASTI,0.0023498287322710172,1.1051304938325333,452268.68649704003,False
FWRD,0.0023588214076307396,1.1070449432661817,134681.5,False
PROP,0.0023912195398017796,1.1139421772154818,18505.771990167,False
HOTH,0.002400784808700712,1.1159785260097768,2261.0,False
IQST,0.0024123792827863712,1.1184468720201488,2084.07,False
MOBX,0.0024389079682076323,1.1240945602495764,16499.957964875,False
CTXR,0.002510454804341299,1.1393261564583002,182.7,False
TSLA,0.0025405883430472264,1.1457412814129682,127231576.6432886,False
IOVA,0.0025579146243633333,1.1494298710846715,250270.53778252503,False
ORBS,0.0025930279680530578,1.1569051460447106,210633.6312,False
QNCX,0.0026528294003379184,1.1696362648263239,309.76,False
SKYE,0.0027597823562189594,1.19240546505016,1232.8515,False
BNAI,0.0027657461069547484,1.193675087132782,17394.648806154997,False
XNDU,0.0028034177302798447,1.201694993896276,227646.62941780002,False
APP,0.002879048977048023,1.2177961197291927,31345073.24306,False
CMND,0.0028993138855174095,1.2221103133356825,2431.55,False
INOD,0.0029964816769325617,1.242796351227897,3633148.59958582,False
GOVX,0.003001305264620703,1.2438232441544532,2128.98,False
MDB,0.0030070439444491843,1.2450449509222448,5743958.82611376,False
BLDP,0.0030178771061731093,1.247351221247523,321791.30566983495,False
CXAI,0.0030637141460202796,1.2571094624232884,21547.146616198002,False
BFRG,0.003065385257867259,1.2574652251969944,1839.2609069999999,False
IHRT,0.003078383667172507,1.2602324547852235,201869.56137540497,False
AVGO,0.0031079631147160197,1.2665296193477233,54520731.34539214,False
PBM,0.003203078480864716,1.2867787167042468,536.0,False
DVLT,0.003232001162230909,1.2929360624046269,88949.73739209601,False
AMZN,0.0032561884750028913,1.2980852961293532,48778866.86738296,False
TNYA,0.003271331809796809,1.3013091586129932,112819.1028,False
PLSE,0.0032914096179468685,1.3055835204579613,144694.951879995,False
TJGC,0.003465241509987984,1.34259056830033,16618.92,False
VSEE,0.0036339950448339934,1.3785164853704728,4743.8369999999995,False
RDZN,0.003643555087326178,1.3805517215157463,4627.399377065,False
CGC,0.0036914057898711017,1.3907386510692261,216589.26998884248,False
INTC,0.003800574314273875,1.4139795233741694,89534438.78575966,False
CGEN,0.003876575848658018,1.4301594796872616,2644.21,False
DEFT,0.003957914894214351,1.4474757380274967,3147.7599999999998,False
ONCO,0.00396253158063304,1.4484585837709536,359.32800000000003,False
NVDA,0.0039650093997755185,1.4489860863510253,138663749.2776389,False
SLMT,0.004043856866436556,1.465771912799284,3895.7490000000003,False
RZLV,0.0040537341569628045,1.4678746878353597,708764.341474,False
BIAF,0.004175184326717525,1.4937301979480475,585.0,False
VRAX,0.004187935669232445,1.4964448295209034,217.82700000000003,False
EDBL,0.004288732396680248,1.5179034311112996,9176.501499719401,False
GRML,0.004315677970418748,1.5236398706378562,1274.4235,False
NUCL,0.004434608524171233,1.5489589800426862,17130.499200000002,False
SAGT,0.004583364228406192,1.5806275616752576,240.0,False
CMPX,0.004640602468730469,1.5928130028691698,57430.47228464,False
DEVS,0.0046554825810708215,1.5959808279604886,51448.0993004808,False
ISPC,0.004696108577770747,1.6046296908697322,15475.27675,False
LGVN,0.00469903500346849,1.6052526972383099,6157.4514,False
GUTS,0.004743051780887715,1.614623422993483,16357.860400000001,False
QSI,0.004850156279276052,1.6374248850810764,121749.12699340262,False
FRMI,0.004862537823482925,1.6400607903424524,572284.225358475,False
QUCY,0.004912395841663699,1.6506750570485018,3995.5,False
ALP,0.004921839871329844,1.6526855952390265,216749.50555935,False
RMSG,0.004962160736832402,1.6612694988091834,2146.79,False
LNAI,0.005032185404393078,1.676177040757533,613.5104,False
STFS,0.005130624846076306,1.6971338001022775,16316.960000000001,False
ENSC,0.005329853631693538,1.7395475891621708,2431.31,False
GLND,0.005383792216002843,1.7510305670360582,59321.600000000006,False
RBNE,0.00544347277704828,1.7637359535559578,1836.1200000000001,False
ZBRA,0.005537196928209074,1.7836888753430173,5998135.290128999,True
CLPT,0.00560418374610726,1.7979496898900962,631105.7753104201,False
SUNE,0.005776397492800311,1.8346122509895058,2113.86,False
JDZG,0.005841613707862553,1.8484961221397764,26149.2,False
ALLT,0.005850691115730749,1.8504286102656233,164076.354,False
SAFX,0.0058859906634666755,1.857943526179721,4246.99872925,False
UCAR,0.00597786278416857,1.8775021694544007,7135.845,False
MSFT,0.00604142890900615,1.89103475312128,57103687.00860828,True
ATYR,0.006214295031415551,1.9278361983981709,449790.7934275207,False
CAST,0.00629370137468194,1.9447410040108932,6266.9,False
DAIC,0.00648310473421333,1.9850630594483714,60.1426,False
EZRA,0.006811229291773526,2.0549174518576434,3497.5172166097996,False
BIOX,0.0069325724451936325,2.0807501792774175,3229.0944,False
EZGO,0.007156922199795045,2.128511968006004,249428.32948554005,False
AIIO,0.0072003149239042545,2.137749839136926,47319.63063924,False
SOBR,0.007548717780578874,2.2119212758852878,41368.9696971762,False
SNTI,0.007835481608745632,2.2729703882421735,9406.09,False
NAMM,0.007982660240472589,2.304303227123117,12677.75,False
XXII,0.008033250360211757,2.315073350830312,85603.94420004,False
QCLS,0.00811371223357052,2.332202868100768,6892.085,False
CHSN,0.008160452621011153,2.3421534228227823,3283.1145,False
ELAB,0.008336991550850765,2.3797367715737114,1198.2288,False
MGNX,0.008706345174785048,2.4583684143130964,81606.54,False
RIME,0.009003054819188772,2.521534890135287,1079.0364,False
GV,0.009339717857565157,2.5932070385636394,53273.26840185,False
RR,0.009545061776455168,2.6369226775138546,766767.806750495,False
SNGX,0.009911802551952025,2.71499807130494,86.3505,False
FIGR,0.010080574896226421,2.750927992711733,7219348.973164801,True
QUBT,0.010633044325909061,2.868543134419308,7426060.5016781045,True
LHSW,0.010857362512185335,2.916298202571451,165.35999999999999,False
CRDL,0.01206030581306802,3.1723926382052365,10062.4133,False
CCTG,0.012866859050077189,3.3440996470799713,1451.448,False
OBAI,0.012910252417453144,3.3533376551558636,3805.0343000000003,False
ATER,0.014912856463329772,3.779671757977162,3849.6150000000002,False
ATRA,0.014980085758212622,3.793984193416511,52741.14,False
REPL,0.015178573899528215,3.8362403068118116,1018393.4297645598,True
FEMY,0.015276492279265915,3.857086137349877,3505.5768000000003,False
MSS,0.02157610321296709,5.198209451802717,17084.846999999998,False
